-- phpMyAdmin SQL Dump
-- version 4.9.2
-- https://www.phpmyadmin.net/
--
-- Host: 127.0.0.1:3308
-- Generation Time: May 29, 2020 at 10:23 PM
-- Server version: 8.0.18
-- PHP Version: 7.3.12

SET SQL_MODE = "NO_AUTO_VALUE_ON_ZERO";
SET AUTOCOMMIT = 0;
START TRANSACTION;
SET time_zone = "+00:00";


/*!40101 SET @OLD_CHARACTER_SET_CLIENT=@@CHARACTER_SET_CLIENT */;
/*!40101 SET @OLD_CHARACTER_SET_RESULTS=@@CHARACTER_SET_RESULTS */;
/*!40101 SET @OLD_COLLATION_CONNECTION=@@COLLATION_CONNECTION */;
/*!40101 SET NAMES utf8mb4 */;

--
-- Database: `rmdb`
--
CREATE DATABASE IF NOT EXISTS `rmdb` DEFAULT CHARACTER SET utf8mb4 COLLATE utf8mb4_0900_ai_ci;
USE `rmdb`;

-- --------------------------------------------------------

--
-- Table structure for table `point`
--

DROP TABLE IF EXISTS `point`;
CREATE TABLE IF NOT EXISTS `point` (
  `PointId` int(11) NOT NULL AUTO_INCREMENT,
  `SerId` int(11) NOT NULL,
  PRIMARY KEY (`PointId`),
  KEY `SerId` (`SerId`)
) ENGINE=InnoDB AUTO_INCREMENT=188 DEFAULT CHARSET=utf8mb4 COLLATE=utf8mb4_0900_ai_ci;

--
-- Dumping data for table `point`
--

INSERT INTO `point` (`PointId`, `SerId`) VALUES
(35, 17),
(36, 17),
(37, 17),
(38, 17),
(39, 17),
(40, 17),
(41, 17),
(42, 17),
(43, 17),
(44, 17),
(45, 17),
(46, 17),
(47, 17),
(48, 17),
(49, 17),
(50, 17),
(51, 17),
(52, 17),
(53, 17),
(54, 17),
(55, 17),
(56, 17),
(57, 17),
(58, 17),
(59, 17),
(60, 17),
(61, 17),
(62, 17),
(63, 17),
(64, 17),
(65, 17),
(66, 17),
(67, 17),
(68, 17),
(69, 17),
(70, 17),
(71, 17),
(72, 17),
(73, 17),
(74, 17),
(75, 17),
(76, 17),
(77, 17),
(78, 17),
(79, 17),
(80, 17),
(81, 17),
(82, 17),
(83, 17),
(84, 17),
(85, 17),
(86, 17),
(87, 17),
(88, 17),
(89, 17),
(90, 17),
(91, 17),
(92, 17),
(93, 17),
(94, 17),
(95, 17),
(96, 17),
(97, 17),
(98, 17),
(99, 17),
(100, 17),
(101, 17),
(102, 17),
(103, 17),
(104, 17),
(105, 17),
(106, 17),
(107, 17),
(108, 17),
(109, 17),
(110, 17),
(111, 17),
(112, 17),
(113, 17),
(114, 17),
(115, 17),
(116, 17),
(117, 18),
(118, 18),
(119, 18),
(120, 18),
(121, 18),
(122, 18),
(123, 19),
(124, 19),
(125, 19),
(126, 19),
(127, 19),
(128, 19),
(129, 19),
(130, 19),
(131, 20),
(132, 20),
(133, 20),
(134, 20),
(135, 20),
(136, 21),
(137, 21),
(138, 21),
(139, 21),
(140, 21),
(141, 21),
(142, 21),
(143, 21),
(144, 22),
(145, 22),
(146, 22),
(147, 22),
(148, 23),
(149, 23),
(150, 23),
(151, 23),
(152, 23),
(153, 23),
(154, 23),
(155, 23),
(156, 23),
(157, 23),
(158, 23),
(159, 23),
(160, 23),
(161, 23),
(162, 23),
(163, 23),
(164, 23),
(165, 23),
(166, 24),
(167, 24),
(168, 24),
(169, 24),
(170, 24),
(171, 24),
(172, 24),
(173, 24),
(174, 24),
(175, 25),
(176, 25),
(177, 25),
(178, 25),
(179, 25),
(180, 25),
(181, 26),
(182, 26),
(183, 26),
(184, 26),
(185, 26),
(186, 26),
(187, 26);

-- --------------------------------------------------------

--
-- Table structure for table `reservation`
--

DROP TABLE IF EXISTS `reservation`;
CREATE TABLE IF NOT EXISTS `reservation` (
  `ResId` int(11) NOT NULL AUTO_INCREMENT,
  `Time` bigint(20) NOT NULL,
  `PointId` int(11) NOT NULL,
  `UserName` varchar(25) CHARACTER SET utf8mb4 COLLATE utf8mb4_0900_bin NOT NULL,
  PRIMARY KEY (`ResId`),
  KEY `PointId` (`PointId`),
  KEY `UserName` (`UserName`)
) ENGINE=InnoDB AUTO_INCREMENT=31 DEFAULT CHARSET=utf8mb4 COLLATE=utf8mb4_0900_ai_ci;

--
-- Dumping data for table `reservation`
--

INSERT INTO `reservation` (`ResId`, `Time`, `PointId`, `UserName`) VALUES
(21, 1591308000, 131, 'labovic23'),
(22, 1592186400, 131, 'labovic23'),
(23, 1590801300, 37, 'chodacar'),
(24, 1592746200, 122, 'chodacar'),
(25, 1592884800, 125, 'chodacar'),
(26, 1607827800, 132, 'chodacar'),
(27, 1591398000, 145, 'Danilo Lalic'),
(28, 1592359200, 167, 'Danilo Lalic'),
(29, 1591462800, 175, 'Danilo Lalic'),
(30, 1591578000, 149, 'labovic23');

-- --------------------------------------------------------

--
-- Table structure for table `service`
--

DROP TABLE IF EXISTS `service`;
CREATE TABLE IF NOT EXISTS `service` (
  `SerId` int(11) NOT NULL AUTO_INCREMENT,
  `Name` varchar(25) NOT NULL,
  `Description` varchar(250) CHARACTER SET utf8mb4 COLLATE utf8mb4_0900_ai_ci DEFAULT NULL,
  `Type` varchar(25) NOT NULL,
  `Draft` longblob,
  `NumOfPoints` int(11) NOT NULL,
  `UserName` varchar(25) CHARACTER SET utf8mb4 COLLATE utf8mb4_0900_bin NOT NULL,
  PRIMARY KEY (`SerId`),
  KEY `UserName` (`UserName`)
) ENGINE=InnoDB AUTO_INCREMENT=27 DEFAULT CHARSET=utf8mb4 COLLATE=utf8mb4_0900_ai_ci;

--
-- Dumping data for table `service`
--

INSERT INTO `service` (`SerId`, `Name`, `Description`, `Type`, `Draft`, `NumOfPoints`, `UserName`) VALUES
(17, 'Bastino', 'A completely different place at Banovo Brdo. A totally different conceptual solution for space dominated by all colors relates to exotic places from distant destinations.', 'cafe', 0x89504e470d0a1a0a0000000d4948445200000344000001c60802000000db9cdc83000000017352474200aece1ce90000000467414d410000b18f0bfc6105000000097048597300000ec300000ec301c76fa8640000390c49444154785eedd6e17aac2ad36ee1f7fc4ffadb6b870113629bd8698102c7fd675dab0ae5296c67fcdfff49922469597ecc4992242dcc8f394992a485f931274992b4303fe624499216e6c79c2449d2c2fc989324495a981f739224490bf3634e922469617ecc4992242dcc8f394992a485f931274992b4303fe624499216e6c79c2449d2c2fc989324495a981f739224490bf3634e922469617ecc4992242dcc8f394992a485f931274992b4303fe624499216e6c79c2449d2c2fc989324495a981f739224490bf3634e9224dde97fd7b05a1ff3282549d247f83afb0cf7d2fb3c3b49d29ef846f80dabf5268eaf0ff6d0359e972475c49fa6dfb05a9fe1343fc3bd7482631a855df5238f4992eec49fa0cf702f5dc091f5c11efac2a14c4208bde2e948d2a7f86bd3077ba8c5e98cc2ae8fc411bc832b7fc3ea7770a55a9e8b24fd117f5e4661d7c7e3382621c43330f3055cf019ee75011728f3441414afec6f582d8dc5ef6f12423c0cc3bf832b7fc3ea7770e5d618f5472cbd1b77ff0dabf5df89f1dfe7e1b7f01b56ab3f4efc33dc4bea83dfd93bb8f237ac7e07573e00035fc0059fe15e1770c17618ef1cebfa63bf73ac7b3cff39780ff7d24d38d63ed843ba03bfaa0bb8e033dceb022ed81773fe88a577e3eebf61f52e98ea048bc662ef132c7ab6cd4f8147dd077be87d9ce028ec2afd15bfa41fb1f46edcfd37acde0bb39d635d7fec778e758b6398132c9a871c2758f4540ffd27e05eecaa0b38b24908215dc64fe71cebfa63bf73acdb05539d60d158ec7d8245cb628c57581103995e61c5233debfdef8d103ae080dec195bf61f53bb852fa0dbf98132c1a8bbd4fb068710c738245f390e3048b5643fa03daf190ef80f6f33ce2e57f892b7fc3ea7770a5be70281770c167b8d7055c20bdc2afe4048be621c70916ad89195e61450c647a8515eb20f701eda8487940fb61961f9ba77701177c867b5dc005cfc659fc88a577e3eebf61b554e1c7f10a2b6220d32bac580de90f68c743be03da2b20718bde0a48dca2f7246bcfcc73fb114befc6dd7fc3eae761fe73aceb8ffdceb14efac2cfe280763ce43ba0bd0e721fd08e8a9407b463236b8bde3ac8dda2f718ab0ecce33ac7bafed8ef1ceb9e84c94fb0682cf63ec1223d1e3f8803da5191f280f60a48dca2b70212b7e84545ca16bdd590be45ef19969c960775824563b1f709163d00039f60d13ce438c1223d15bf8316bd1590b8452f36b2b6e8ad83dc2d7af190af456f4dccd0a2f7008b8dcaf339c1a279c8718245fb62ce57581103995e61859e875f408bde3ac8dda21715295bf45643fa16bd4848d6a2b7322669d1dbdd4a73f2645e61450c647a85153b62c203daf190ef80b69e8467dfa2b71ad2b7e8c543be16bd3531438b5e18c4aad0581ff3b4e86d6d9921792607b4e321df01edbd30db01eda84879405bcfc0536fd15b1333b4e84542b216bd9531498b5e0004aad0d8055355686c6d8d21792007b4a322e501ed5d30558bde0a48dca2a7ddf1bc5bf456c6242d7a6110ab42637dccd3a23715512a34f6c26c151afb5a60421e458bde0a48dca2b73ee669d15b07b95bf4b4351e7685c6fa98a7452f00025568ec82a92a34e6214785c68e98b0426353d1c7e321b4e8ad83dc2d7a2b639216bdd590be454f9be2315768ec82a92a3466234d85c65e98ad426312425468ec88092b3436157a3c9e408bde6a48dfa2b7266668d15b1333b4e8693b3ce00a8dbd305b85c63ce4a8d0d8111356680cc7f6151afb62ce0a8d1dc59d8db36fd15b1333b4e8ad86f42d7a2b6392163d6d84475ba1b12326acd0988410151a3b62c20a8de1d8be42636b8c9a51dd51d0d938f816bd9531498bde52885ea1b13ee669d1d32e78ae151a3b62c20a8d194850a1b12fe6acd018888d2b34fe845bfc157719822d2b34b61374304ebd42637dccd3a2b708425768ec82a92a34b4051e6a85c6be98b3426338b6afd0d81aa366540762e38cea5f7d7887cf03bce56be27fa86e27e2601c7985c62e98aa42630524aed0d80bb35568687d3cd10a8dad316a46752cf6aed0f800378afd108958a1310abb665427191c208d5c50dd4eb8c138ef0a8dbd305b85466c64add0b84f8f7bfe4d1ab046432be3595668ec8e692b340662e38cea1deebd5b0f69e482ea106c59a131cfc80c69e41a8dbdc49a8a93aed0d8111356680446d00a8dfbf4b8e7dfa4016b34b4329e6546f5199839a33a101b67546fc24d3fc08dfa608f8cea106c99519d6a708c347841752fb1a6e2a42b3476c484151a5191b242e356dcfa022ee8899d2a34b42c1e6446f5199839a33a0abb5668c4d03b52ba7f8d467fec97519d6a708c347841752f81a6e2982b34dec7f5e19f19292b3442226285c6adaedff9faca4fa45d0aaa5a134fb142e31998b9426308b6cca846d23b551abca0da199b6554671b9f248d5f50dd48a09138e30a8d0fdc759f7e52c2826a3ce4abd0b8dbbb374feb0baaf7e1be151a5a108f30a3fa244c9e511d822d33aa91f44e95062fa876c66619d5d9c62749e317543712e8d17e43e30eb7dff046295b8d463084cba876f0e1fd7b644b910aaa5a108f30a3fa57dce556dcba1bb6c9a8f6c77e19d56006044be317547b62a78cea6ce393a4f10baa1b09f4686b546fd5efce1f4ac10aaac1102ea3dac1e7f74f7728a87e801b6554b51a9e5f463518c2f57fc50aaa9db15946359801c1d2f805d59ed829a33adbf82469fc82ea46023dda1ad50ed820a33a155132aa9190ac42a3837bef7fcbad52a41a0d2d858797510da96bbc347e41b53336cba8063320581abfa0da133b6554671b9f248d5fa3b18b10f370b4151afdb1dfd4e74a820a8d30889551ede3de2deeba554a5550d552787819d590bac64be317543b63b38c6a300382a5f10baaddb04d4635802961d22114547711621e8e36a33a167b7fa134101b6754c3205646b58f7bb7b8eb56295541554be1e1655443ea1a2f8d5f50ed8ccd32aac10c0896c6afd1e8833d32aa014c09930ea1a0ba8b10f370b419d579c8313009fb655463205346b59b7b77b9f75635aa5a074f2ea31a4fef6c69fc1a8d6ed826a31acf986ce9100aaa7db0474675b65949d221145477317f1ece35a31ac3c84869af826a0004caa87673ef2ef7deaa46558be0b16554e319932d1d4241b51bb6c9a8c633265b3a84826a1fec91519d6d5692740805d55dcc9f8773cda8463226551abfa01a008132aadddcbbcbbdb7aa51d522786c19d56086054b875050ed866d32aaf18cc9960ea1a0da077b6454a79a18231d42417517f3e7e15c33aac110ae45ef26dc34a31a008132aadddcbbcbbdb7aa51d522786c19d56086054b875050ed866d32aaf18cc9960ea1a0da077b6454a79a18231d42417517f3e7e15c33aa2bb8376d1abfa01a008132aadddcbbcbbdb7fa868656c033cba806332c583a84826a376c93518d674cb6740805d53ed823a33ad5c418e9100aaabb983f0fe79a515dc48d81d3f8351a531125a3dad3bd1bdd9b39652ba86a053cb38c6a242353a54328a876c33619d578c6644b875050ed833d32aa534d8c910ea1a0ba8bc9f370a819d575dc9b391d4241752aa264547bba71a3db03a76c0555ad806796518d6464aa740805d56ed826a31accb060e9100aaa7db0474675aa8931d22114547731791e0e35a3ba8e7b33a74328a84e45948cea0a7aa44d875050d50a786619d53006474a875050ed866d32aac10c0b960ea1a0da077b6454a79a18231d4241751793e7e15033aaebb837733a8482ea5444c9a8aea047da74080555ad806796510d6370a4740805d56ed826a31ac9c854e9100aaa7db04785c63c1333a41328a8ee62f23c1c6a467511b7074e8750509d8a2819d515f4489b0ea1a0aa15f0cc32aa318ccf930ea1a0da0ddb645423b9922a85ff0fffff57dc25a3da0ddb6454e79995218d5f50ddc8e49138d78cea0a7aa44d8750509d8a2819d515f4489b0ea1a0aa15f0cc32aa318ccf930ea1a0da0ddb5468c4f06b9e7b33a7bb1554bb619b8cea3cb332a4f10baa1b993c12e79a510daf53da74db82ea5444c9a8aea047da74080555ad806756a131db9424e9040aaa3db153463586977952ce84d21db86346b52776caa8ce332b431abfa0ba91c92371ae19d5f03a454d8750509d8a2819d515f4489b0ea1a0aa45f0d832aab38d4f92c62fa876c66619d5188e79fa25fc9afe1faa3db15346759e5919d2f805d58d4c1e8973cda886d7296a3a8482ea5444c9a8aea047da740805552d82c796511d8eeddfc7f51fe37619d5ced82ca33a1cdbff86d51db04146b53336cba84e3225401abca0ba97f9cfb54635bc4e51d3211454a7224a4675053dd2a64328a86a113cb68cea6ce393a4f10baa9db1594675acb37d47e6f99afe1faa9db15946b50336b80937bd0377cca8ee65f2541c6d4635b0ae39d3cd0baa5311a54223bc1e51d3091454b5081e5b4675b6f149d2f805d5fed82fa33ac4cf3b0e0b93621454fb63bf0a8d19a6ec9ea62ea8ee65f2541c6d854648bde3a51328a8ce469a8c6a6c3d72a6f10baa5a0a0f2fa33ad5e01869f082ea106c99510d6058983478417508b6cca8ce307ef7347241753bf307e38033aa21758d97c62fa80640a08c6a609d42a6f10baa5a0a0f2fa33ad5e01869f082ea106c59a131dbb02469ea82ea106c99519d61fcee69e482ea76e60fc601675443ea1a2f8d5f500d804019d54908f185d2c10fad4fa44d0baa5a0a0faf42639ec119d2d405d551d835a33adb982469e482ea28ec5aa131dce0add3b0351adb993f18079c518de7c66c2f6ff535fd3f54032050463580b3309d427e4dff0f55ad86e797519d676486347241752036cea8ce3626491ab9a03a101b6754871bbc751ab6a0baa3f9b371c619d5786eccf6f2565fd3ff433506326554037819a647c2afb9ffa1aa05f10833aaf38ccc90462ea80ec4c6151a530d889186add118888d2b34c61ab96f1ab34663472166e39833aaddb0cd3ce4a8d0c8a88641ac8c6a0004fa0dab3fc08d32aa5a108fb04263926101d2b0351a63b1774675aa0131d2b005d5e1d8be4263a0619ba6016b343615623c4e3aa31ac6804869f0826a18c4aad008a947bc347541556be2296654271916200d5b501d8eed2b34e6e99d218d59a3311cdb57680c346cd334608dc6a6428cc7495768c430204f9abaa01a09c932aa21dd1e2f8d5c50d5b27890151a338cd93d8d59a33103092a3426e91a200d58a33109212a344619b3631aad46635f5126e4bc33aa010c0893462ea80643b88c6a3c3db2a5910baa5a19cfb24263b8015ba7016b3426214485c6245d03a4016b34e6214785467f63f64a43d5686c2dca901c794635800161d2c805d5600857a111498f5469d81a0dad8c6759a131d6987dd380351af390a34263867ebba7d16a34a6224a8b5e4fc37639a2b7b5284372e4151a530d889186add188877c19d5487aa44ac31654b53e9e6885c64003364da3d568cc469a0a8d5d3055854600046ad15b1993b4e8ed2eeecf8bea540362a4610baa2111b142238cdb23a5316b34b4051e6a85c628bd774c43d5680440a016bdf5314f8b5e0c646ad15b1333b4e83d40e8779bc6240302a4316b34a2226585460cf7e64903d66868173cd716bd21ba6e97c6f9865e0c646ad15b1993b4e84542b216bdd590be45ef19a2bfdb3466e8bd7b1ab0462330825668c4706f9e34608d8636c2a36dd1ebafdf5e69906fe84542b216bd3531438b5e3ce46bd15b07b95bf41e23d6c03c840a8d197aef9e06acd1888dac151a01dc18268d56a3a1edf0805bf43aebb4511ae11b7af190af456f35a46fd18b8a942d7a2b20718bde93849b994751a13156ef7dd368351a2b207185c65437c64843d56868533ce616bdd590be452f2a52b6e8ad83dc2d7ab191f5807654a43ca0fd3011c7e68154680cd475d334548dc62208dda2b73ee669d1d3be78d22d7aeb20778b5e6c646dd15b01895bf45640e203daf190ef80f6f3449c9c67d2a2374abf1dd338dfd05b07b95bf456c6242d7ada1dcfbb456f05246ed15b01890f684745ca03daeb20f72bac08835807b41f29e8f03c9916bd213a6d9706f986de6a48dfa2b7266668d1d333f0d40f684745ca03daeb20f701ed78c877407b35a43fc1a2a988f20a2b9e6ab197845e679d364a237c436f4dccd0a2b71ad2b7e8e94978f607b4e321df01edd590fe15568441ac03dacb628c132c1a8bbd4fb0e8d9429f020faa45afa71ebba4f0dfd05b1993b4e8ad83dc2d7a7a1e7e01afb0220c621dd05e13339c60d154447985158b639873aceb8ffdceb1eef1a21f048fab45af9bdbb748b1bfa1b73ee669d15b01895bf4f454fc0e4eb0682aa2bcc28ac531cc09168dc5de2758b411063bc7ba3ed8e3472cd57fc7c57f03e3a1b5e87570fbcd53e06fe8ed82a90e684745ca03da7a3c7e10275834167b9f60d12e98ea1cebfa63bf73acdb0ee35dc0059fe15e177081b2354e84a77740fb33dfee73d76dfff395f105da7b61b603daf190ef80b6f4859fc539d6f5c77ee758b71dc63bc7ba3ed8e3472cdd17735ec665d770cd655ca6d632e7c2633ca0fd816ff7b9e59eff49b73da2bd23267c85156110eb80b6d4e2f7718e757db0c78f58ba2986bc800b3ec3bd2ee0826760e679c8a157563a1d9ee72bacf8ab7287cf6f957c857a81f6be98f3048ba622ca2bac905ee1577201177c867b5dc0050fc0c09771d9355c7319973d124730101bebdc6267c4833dc1a2f771fd174a7fc55d5e61c50330f009168dc5de275824fd865fcc655c760dd75cc6650fc3f0f390439d9f057be89a25cf8b477d8245effbf0da1fb0e84998fc1cebfa63bf73ac932ee3a7330f399e8db318888df50a67f4316ea737ad7a703cf673aceb8ffdceb1ee91388273aceb833d7ec452e94ff8190dc4c6aa70347db087dec1d95dc335faccdae7c86fe11cebfa608f1fb1f4c138880bb8e033dceb022e90eec0afaa0ff6d0051cd9c7b89db488e57fb2bc791770c167b8d7055ca02f1cca655c760dd75cc665521ffcce3ec6edf4579ce3355c23ad69935f30afe3655c760dd75cc6653ae080e62187340abfbc6bb84692deb4d53f1ffc8b380f39f41bce6b20369624693b7bfe91e30ff8406cac37717c7db08724495bdbfc0f1e7fd5fb600fdd8463fd18b79324e9191ef4978f3ff51fe376ea89b3be866b24497aa487fe21e42be01aae9124498ac72f154992a485f931274992b4303fe624499216e6c79c2449d2c2fc989324495a981f739224490bf3634e922469617ecc4992242dcc8f394992a485f931274992b4303fe624499216e6c79c2449d2c2fc989324495a981f739224490bf3634e922469617ecc4992242dcc8f394992a485f93127496afcef1a564b9acdb751929e8eafb3cf702fcdc393f80dabb5111faa243d117fd8fb600f75c6717f867b69653e45497a10fe808fc2aeba0f27db077b68353e39497a04fe5c4f4208fd15e7380abb6a113e3049da197f9cdfc195bf61f53bb852efe0ec26218462f33949d29ef86b7c01177c867b5dc005fa1187f50eaefc0dabdfc1958aca2724491be28ff08f587a37eefe1b56eb8003ba800b3ec3bd2ee002c5e3b391a4adf087f71cebfa63bf73ac5385a3f9114befc6dd7fc36a45e25391a47df0f7f6048bc662ef132cd2856f29d6f5c77ee758a7307c2492b403fecc9e60d13ce438c1a207e3204eb0682cf63ec122c5e0f390a4e5f107f61556c440a65758f13ccc7f8245f390e3048b349b4f4292d6c6dfd503daf190ef80f69330f92bac88814cafb04253f918246961fc453da01d15290f683f03331fd08e877c07b4358fcf409256c5dfd216bd1590b8456f774c7b403b2a521ed0d6243e00495a127f455bf4d641ee16bd7d31678bde0a48dca2a7193cfdadf04afd86d59296c5cbdca2b71ad2b7e8ed88095bf4d641ee163d0de7d1af8d17e833dc4bd22278755bf4d6c40c2d7a7b61b616bdd590be454f6379eeebe18de9833d2445c5bbdaa2b7322669d1db0553b5e8ad89195af4349087be0cde9251d8555230bca2151aeb639e16bdf5314f8bdeca98a4454fa378e20be0e59884109202e0b5acd0d805535568ac8f792a34d6c73c2d7a1ac2e38e8b17e21d5cf91b56bf832b25cdc3db58a1b11766abd05819935468ec82a92a343484c71d11afc2055cf019ee750117481a8e97b04263474c58a1b12666a8d0d80bb35568a83fcf3a1c5e821fb1f46edcfd37ac963410af5f85c68e98b04263410c50a1b12326acd050671e7420fcf6cfb1ae3ff63bc73a4943f0e25568ec8b392b345643fa0a8d1d316185863af3a0a3e0877f824563b1f7091649ea8fb7ae42636b8c9a515d0ad12b34f6c59c151aeac9539e8fdffb0916cd438e132c92d40d2f5b85c6ee98b642631de4aed0d81aa36654d593a73c193ff657581103995e6185a43e78d332aacfc0cc19d54510ba4263774c5ba1a16e3ce299f8991fd08e877c07b42575c06b96517d0666cea82e82d019d56760e68caabaf188a7e1377e403b2a521ed096742b5eb00a8d6760e60a8d159038a3fa0ccc9c5155371ef11cfcc05bf45640e2163d49f7e1edcaa83e09936754c3236e85c63330738586faf07c27e0a7dda2b70e72b7e849ba09af5646f549983ca31a1e7133aa4fc2e41955f5e1f98ec6efba456f35a46fd193f4315eaa8ceaf3307f463536b266549f84c933aaeac3f31d8a1f758bde9a98a1454fd26778a332aacfc3fc19d5c0089a517d1ee6cfa8aa030f771c7ece2d7a2b6392163d491fe075caa88e327ec73369fc826a6004cda876d0f5e69f4be31754d581873b0e3fe70a8df5314f8b9ea4bfe25dcaa88e327ec73369fc826a6004cda8deaddf9def92c62fa8aa030f77107ecb151abb60aa0a0d497fc5bb94511d65fc8e67d2f8351a519132a37ab77e77be4b1abfa0aa0e3cdc11f8215768ec85d92a3424bd8fb728a33ad0944dcfa44328a84645ca8ceaad3addf65e69fc1a0dddcd93ed8e9f7085c68e98b04243d29b788532aa034dd9f44c3a84826a4844cca8deaddf9def950ea1a0aabb79b2ddf113aed0d811135668487a13af504675a0299b9e498750500d898819d55b75ba6d0fe9100aaaba9b27db17bfdf0a8d7d31678586a477f0fe6454079ab2e999740805d590889851bd55a7dbf6900ea1a0aabb79b27df1fbadd098644c8034694155d23b787f32aaa38cdff167e9100aaa211131a37a9f1ef7ec271d42415577f3643be2c75ba131cf980c69d81a0d4997f1f264548718bcdd15e9100aaa211131a37a9f1ef7ec271d42415577f3643be2c79b519d6a588c34724155d265bc3c19d521066f77453a84826a4844cca8dea7c73dfb49875050d5dd3cd98ef8f16654e71999218d5c509574192f4f46b5bf917b5d970ea1a01a121133aaf7e971cf7ed221145475374fb6177eb9151af38ccc9046aed190740d6f4e46b5bf917b5d970ea1a01a121133aa37b9fd86bda54328a8ea6e9e6c2ffc7233aa530d8e91062fa84aba863727a3dad9b08dde950ea1a01a121133aa77b8f76e63a44328a8ea6e9e6c2ffc7233aa934cc990362da84aba8637a742a3a731bbfc413a81826a4844cca87eecc65b8d940ea1a0aabb79b25df0b3cda8ce332b431abfa02ae91ade9c8c6a3703b6f89b347e41352a5256687ce6aefb0c964ea0a0aabb79b25df0b3cda8ce332b431abfa02ae91ade9c8c6a3703b6f89b347e4135308266543f73d77d464ae31754d58187db05bfdc8cea3cb332a4f10baa92aee1cdc9a87633608bbf49e3175403236846f53377dd67a4347e41551d78b85df0cbcda8ce332b431abfa02ae91ade9c8c6a1fbdefff89347e4135308266543f73e53e77ed7597afe9ffa1aa0e3cdc2ef8e56654e79995218d5fa321e91ade9c8c6a075d6ffe893478413536b266543f70f126b7ec75a3afe9ffa1aa0e3cdcfbf1b3cda84e3531463a8482aaa46b787332aa77bb72e77ebbffec6bee7fa88647dc8cea9f5cbffcc38deef535f73f54d587e77b3f7eb919d579e6664887505095740d6f4e85c6adaedcb6d3d6bffa1afa1faae11137a3fa27d72fff70a37b7dcdfd0f55f5e1f9de8f5f6e46759208016a54255dc6cb9351bdcfc57bf6d8fa575f13ff43750524aed078dff56beb955f7bce3cb114a0a0aa3e3cdffbf1cbcda84ef26b80de09bfcee01faa922ee3e5c9a8dee7e23d7b6cfdabaf89ffa1ba08426754df77fdf27ad9c54b3af98afc0f5575e311df8f1f6f4675862bbbf74ef87506ff509574192f4f85c61daedfedde7daff89ab541631184cea8fe1577790757ce40828caabaf188efc78f37a33adcc5dd7b274c310aaa92dec1fb9351bdc3f5bbbd5cf915a7d77b9d6e5e505d07b92b34ba19b0c51569d81a0d75e311df8f1f6f4675b88b5bf74ef87506ff5095f40ede9f0a8d8f5dbfd5b7955f293abed1e9fe351a4b217a46b59b015b5c91862da8aa274ff97efc7e33aa635ddfb777c2af33f887aaa437f10a55687ce0ad9bd48b6fd9fd07ff7fbc168dd590be42a38fdef7bf228d59a3a19e3ce5fbf1fbcda80ef4d6a6bd137e9dc13f5425bd8957a842e3afdebd43da34a1d40ddb54682c88012a343ae87af32bd280351aeacc83be1f3fe18cea28efeed83be1d719fc4355d2fb788b2a34de77fddab45142a93336abd0581333546874d0f5e657a4016b34d499077d3f7ec2151afdfd61afdef1be0ee01faa92fe8417a942e31d6757a51b7e43efcbb7ffed216d5aa3b13226a9d0b85bbf3b5f9146abd1507f9e7517fc9033aafdfd61afaef1bea6ff87aaa4bfe25d6ad1bbec78c9c5fb5c59f38914e31b7a8b63980a8d5b75baed1569a81a0d0de17177c16f39a33ac4bbdb95f53d72feffe12b54257d80d7a945ef1aaea9d0f8cdf5957f90927c436f7dccd3a2779f1ef7bc228df30d3d0de17177c16f39a33a0abbbe8febefc37d33aa923ec31bd5a2d759a78dd208dfd0db0553b5e8dde4f61b5e9106f9869e46f1c4bbe0e79c510da96bbc347e4155d2c778a95af47aeab14b0aff0dbdbd305b8bde1deebddb1569846fe869200fbd177ed419d560ba064b83175425dd8457ab45af9bdbb748b1bfa1b723266cd1fbd88db7ba2285ff869ec6f2dc7be1779d510da66bb034784155d27d78bb5af4fab8f7fe29f037f4f6c59c2d7a9fb9eb3e57a4d8dfd0d3701e7d2ffcb42b3422e99a2a4d5d5095742b5eb003da1ddc72f314f288f6ee98b645ef3377dde76729f037f43483a7df113ff08c6a185d23a5910baa923ae0353ba0ddc187374ff18e683f03331fd0feabcfeff0b314f288b626f10174c46f3ca31a46d74869e482aaa43e78d35e61c5ad3eb973baf688f69330f901edbffafc0e6752bc23da9ac767d0113ff30a8d18fae549c3d66848ea8697ed048b6ef5ee6d53929758f13cccff0a2bdef7c9b53f48a98e686b2a1f435ffcd833aa01740d93862da84aea8fb7ee048bee73e59e69eb332c7a300ee2048bdef1b7ab7e9092bcc40acde693e88bdf7b85c66cfd92a4316b34240dc18b778e7577f8f96e69bb1fb04ebf9d158bae7977fd99b4f5191629069f4777fcf02b34a6ea14230d58a321692cdec073acfbccd9ad52fd672c55c6b99c63dd6faeaf3c93b6fb01eb14868fa43b7efb151a53758a9106acd190341c2fe1055cf019ee750117e815cee81ceb7e7471d951dae2672c55243e951178032a3426e914208d56a321691edec6cbb8ec1aaeb98ccbf4230eeb022e38f8b9fb4d5a7c0517281e9fcd20bc0a151a33f4d83d0d55a32129005ecb79c8a1cb38b8cbb8ec1aaeb98ccb14954f68105e8816bde16edf3a8df30d3d4991f07e0ec4c6fa130e711e7228369fd338bc192d7a63ddbb6f1ae41b7a92a2e25ded833d741f4e762036d60a7c5a43f18ab4e80d74e3a669846fe8495a04afeec7b89d7ae2acfb600fadc627371a6f4c8bde10376e97c27f434fd29a7893afe11a4dc263f818b7d3b27c8413f0f6b4e8f577d75e29f637f4244963f1aff0355ca35df844e7e07d6ad1ebec968d52e06fe84992a481fc033c0d5f4007b4fbf8fcfe29e4116d499234967f8367e23be88076071fde3cc53ba22d499286f3cff0647c0dbdc28a5b7d72db94ea88b624499ac1bfc4f3f14d74824537f9db0d5392975821499226f18f71147c1c9d60d158ec7d82459224692aff2407c257d239d6f5c77ee75827499266f3af72387c2e9d635d1fecf123964a92a400fcc31c111f4d1770c167b8d7055c204992c2f0cf735c7c405dc665d770cd655c26499282f18f74747c4ccd430e499214927faa97c1b7d5406c2c499202f30ff67af8d4ea833d2449d222fce3bd363ec13ec6ed2449d26afc2bbe0fbecbaee11a4992b438ffa84b92242dcc8f394992a485f931274992b4303fe624499216e6c79c2449d2c2fc989324495a981f739224490bf3634e922469617ecc4992242dcc8f394992a485f931274992b4303fe624499216e6c79c2449d2c2fc989324495a981f739224490bf3634e922469617ecc4992242dcc8f394992a485f931274992b4303fe624499216e6c79c2449d2c2fc989324495a981f739224490bf3634e922469617ecc4992242dcc8f394992a485f931274992b4303fe624499216e6c79c2449d2c2fc989324495a981f739224490bf3634e922469617ecc4992242dcc8f394992a485f931274992b4303fe624499216e6c79c2449d2c2fc989324495a981f739224490bf3634e922469617ecc4992242dcc8f394992a485f931274992b4303fe624499216e6c79c2449d2c2fc989324495a981f739224490bf3634e922469617ecc4992242dcc8f394992a485f931274992b4303fe624499216e6c79c2449d2c2fc989324495a981f739224490bf3634e922469617ecc4992242dcc8f394992a485f931274992b4303fe624499216e6c79c2449d2c2fc989324495a981f739224490bf3634e922469617ecc4992242dcc8f394992a485f931274992b4303fe624499216e6c79c2449d2c2fc989324495a981f739224490bf3634e922469617ecc4992242dcc8f394992a485f931274992b4303fe624499216e6c79c2449d2c2fc989324495a981f739224490bf3634e922469617ecc4992242dcc8f394992a485f931274992b4303fe624499216e6c79c2449d2c2fc989324495a981f739224490bf3634e922469617ecc4992242dcc8f394992a485f931274992b4303fe624499216e6c79c2449d2c2fc989324495a981f739224490bf3634e922469617ecc4992242dcc8f394992a485f931274992b4303fe624499216e6c79c2449d2c2fc989324495a981f739224490bf3634e922469617ecc4992242dcc8f394992a485f931274992b4303fe624499216e6c79c24490ae47fd7b05a7ecc4992a4b9f83afb0cf77a243fe6b430dee0dfb05a921406ff40f7c11e8fe1df39ad84d7f433dc4b92341cff108fc2aebbf30f9ba2e38dec833d246d8d17fe37ac561f9cf22484d894bf5d05c5fb370abb4ada022ff667b8973ec369be832b7fc3ea7770e57636198ca7f41b562b369ed6248490dec40fe837ac56071c711feca17770761770c167b8d7055cb0915547e2817c867b29069eca3bb8f237ac7e07574ae7f8ad7c867be9031ce528ecaadf705e3f62e9ddb8fb6f58bd859586e1f8fb600fcdc033b8800b3ec3bd2ee00229e397d1077be8320e6e1242e880033ac7bafed8ef1cebd6b7c0241cf928ecaa5138f71fb1f46edcfd37acd683f15318855d7582637a0757fe86d5efe04a659ccb09168dc5de2758b4b8d06370d2931042dd70d0e758d71ffb9d639d9e875fc0248450c6b95cc0059fe15e1770c1b371162758340f394eb068591107e068dfc195bf61f53bb85277e37c4fb0682cf63ec1223d034ffd1d5cf91b56bf832b1f8fe3f8114befc6dd7fc3ea47e2085e61450c647a85156b5ae694bfe182cf70af0bb84077e04c4fb0681e729c6091f6c593be800b3ec3bd2ee08247e208ceb1ae3ff63bc7ba8761f803daf190ef80f6820245e72c7fc4d2bb71f7dfb05a1fe0285f61450c647a8515da11cff8472cbd1b77ff0dab9f84c94fb0682cf63ec1a2c760ec03da5191f280f66a42e4e608cfb1ae3ff63bc73afd098778403b1ef21dd0d64678b4e758d71ffb9d63dd0330f00916cd438e132cda1dd3b6e8ad80c42d7a4bf17d7881bd4fb0486fe2f80e684745ca03dada020ff5048bc662ef132cda1aa3bec28a18c8f40a2bf6c59c2d7aeb20778bde3a6626e6cc4eb0681e729c6091aee1d45af45640e2163dad8c67798245f390e3048b76c48407b4e321df01ed1d31618bde6a48dfa2b788697139ad57581103995e61857ec379b5e8ad83dc2d7a5a134ff11556c440a65758b117663ba01d15290f68ef85d95af4d6c40c2d7a2b989395733aa01d0ff90e68eb1c27d5a2b71ad2b7e869353cbf03daf190ef80f62e98aa456f05246ed1db0553b5e8ad8c495af4c29b1094133aa01d15290f68eb15cea8456f4dccd0a2a775f0e40e684745ca03daeb639e16bd7590bb456f0b8c54a1b13ee669d18b6d744acea6456f05246ed1538bd369d15b1993b4e869053cb316bd1590b8456f654cd2a2b71ad2b7e82d8e612a3476c154151ab10d4dc9c1b4e8ad83dc2d7aaa7034151aeb639e163dc5c6d36ad15b07b95bf4d6c40c2d7a6b628616bd65314685c65e98ad4223b07111399216bdd590be454f5f38940a8d5d3055858602e351b5e8ad86f42d7aab217d8bdeca98a4456f410c50a1b12326acd0886a503e0ea3456f4dccd0a2f7781c4785c65e98ad424321f1905af4d6c40c2d7a4b217a85c6fa98a7456f35a4afd0d8111356684435221f27d1a2b7322669d17b300ea24263474c58a1a160783c2d7a2b639216bd4510ba4263174c55a1b114a25768ec8b392b34421a118e63a8d0581ff3b4e83d15a750a1b12326acd050303c9e0a8df5314f8b5e78c4add0d80bb35568ac83dc151a5b63d48c6a48ddc37106151abb60aa0a8d47e2082a34f6c59c151a0a830753a1b10ba6aad0888dac151a3b62c20a8d1590b84263774c5ba1114fdf644c5fa1b11766abd0781ee6afd0188bbd4fb0e83edc37a3aa18782a151a7b61b60a8dc0085aa1b12326acd058018933aacfc0cc19d5783a2663f40a8d3ff9fc0e5da578351a4fc2e4151a03fdba6f8f5469d31a0dcdc6f3a8d0d8111356688444c40a8d7d3167854678c4cda83e03336754e3e9988cd12b343e70cb4d7a4803d6683c0993675447b9b869a76069f782aa66e3795468ec88092b3442226285c6d61835a31a1b592b349e81992b3482e9158ba12b343ec6edeec6dd3fc08d2a341e83b133aafdbdb55da7602943415553f1302a34f6c59c151ac110ae4263774c5ba111184133aaefe3fa51d8f50edc31a31a4caf580c5da111cf8dd9d2a405d56760e60a8d9efeb051a76029498d86e6e14954686c8d5133aac1102ea3fa0ccc9c510d8ca019d5d8ee8d9aee56500da64b2c26aed008e9c67869d81a8d0760e08cea4db8e901ed77fcedaa2b52a482aa26e1315468ec8e692b3422215946f5199839a31a152933aa2bb8376d1abfa01a49974c8c9b518deade8469e482ea03307046f52637def0f66cc5d7dcff50d5243c868cea33307346350c625568f4c77e2d7aa3b06b85464844cca886777bda74c3826a245d32316e4635aa7b13a6910baabb63da8cea7d6ebc678f78c5d7f4ff50d50c3c838cea33307346350c6265543ff3f37dd246ffe1ff2b2f8bbda53005d5908898510deff6a869fc826a24f76762d60a8d906e8f9746aed1d81aa3665443ea1a2f8d5f50d5703c800a8d6760e60a8d18c89451fd0cf73ac1a2577eee76925215544322624635bcdba3a6f10baa91dc9f895933aa51f54898062fa86e8d5133aa21758d97c62fa86a381e4046f549983ca31a008132aaf3ccca90c62fa8c643be8c6a6c3d72a6f16b34c2e83e33d5a87a244c831754b7c6a819d590bac64be31754351c0f20a31a0ce1be50ba0ff7cda80640a08cea3cb332a4f10baac1102ea31a5ea7a8e9100aaa61dc1c882933aa51f54b98c62fa8ee8b3933aa21758d97c6afd1d0401c7d4635983a58a7905fd3ff437536d26454279918208d5f500d867019d5d8fae54c8750500de3e6404c99518daa5fc2347e4175530c99518daa77c2740805550dc4d16754dfc4c5ddb04dcf1f64daa8a03a1b6932aa934c0c90c62fa80643b88c6a6cfd72a64328a886717320a6cca886d4355e1abfa0ba2986cca846d53b613a8482aa06e2e833aa21758d97c62fa8ce469a8cea0cd377ff86462424cba806d635643a84826a18370762ca8c6a3cbdb3a5f10baa9b62c88c6a54bd13a64328a86a208e3ea31a52d77869fc82ea5444c9a8ce3077f7241d42413512926554a3ea9d301d4241358c9b03316546359eded9d2f8351a3b62c28c6a54bd13a64328a86a208e3ea31a4fef6c69fc1a8d79c891511d6ee2d6b5740805d5484896518daa77c2740805d530ee0cc48819d59006c44b875050dd11136654a3ea9d301d424155a370ee19d59006c44b8750509d871c19d5e1266e5d4b8750508d846419d59006c44b8750500de3ce408c98510d6940bc740805d51d31614635aade09d3211454350ae79e510d6940bc740805d579c891511d6ee2d6b5740805d5484896510d6940bc740805d530ee0cc48819d59006c44b875050dd11136654a3ea9d301d424155a370ee19d578c6644b8750509d871c19d5e1266e5d4b8750508d846419d59006c44b8750500de3ce408c98510d6940bc740805d51d31614635aade09d3211454350ae79e518d674cb6740805d579c891511d6bd6be47e9100aaa91902ca31acf986ce9100aaa61dc19881133aa210d88970ea1a0ba2326cca88634205e3a8482aa46e1dc33aaf18cc9960ea1a03a0f3932aa63cddaf7281d42413512925568043326583a81826a18770662c48c6a4803e2a54328a8ee880933aa21bd15ef6fb37c9dc13f54350ae79e518d674cb6740805d579c891511d68caa667d221145483215c46359231a9d2f805d548eeccc49419d578c6644b875050dd1113566804733dd82753a46b0baa1a8573cfa806332c583a8482ea3ce4c8a80ef4e74d7b044ef72ca80643b88c6a246352a5f10baa91dc99892933aaf18cc9960ea1a0ba2986cca80673162c65aed1781fd767543510479f510de693606fcd95161754e7214746f556dcfa6edcfd56dc3aa31a0ce132aa610c8b94c62fa846726726a6cca8c633265b3a8482eaa61832a31acccb60f7a6fd9afe1faa1a88a3cfa846f249aa77874aeb0baaf390a342e3563fdcb6d38e7ff37500ff500d867019d51846e649e3175423b93313536654e37937dbdfc64957155437c59019d5488ea97a444df72ca86a208e3ea31ac9df52a571fec3ff5fc33519d5a98892511d65fc8e67d2f805d5908898510d60589834784135983b6331688546306f05fbf3145f07f00fd54d3164467508b6fc42e995d24d2bff93fef75edc3aa3aa8138fa0a8d18aee749e10baa6fe2e28cea5444c9a88e327ec73369fc826a4844cca8f6c44e5f28bdf273f74629494135989b63316b4635928ba952fefff0ff6fe2e28cead61835a33a101bff86d51db0414655c3f10032aa315cc97357ec749f82ea6ca4c9a88e327ec73369fc826a4844acd0e8a66c91b67b57baf646dc37a31acccdb19835a31ac9afa96e499e6e5250dd1aa36654c31810290d5e50d5703c808c6a0cbfe6b931f0d7f4ff509d8d3419d551c6ef78268d5f508d8a9419d5a986c548231754e3b93919e366543b63b39b70d3cf70af8cead618b54223860179d2d405550dc703c8a8c6f0439edbd3a61b1654032050467588c1db9d498317540323684675aa6131d2c805d5786e4ec6b819d53086454ae3175477c7b419d5187ae7492317543503cf20a3da1ffbfd1577b90ff7cda80640a08cea1083b73b93062fa80646d00a8d194606487bd568c4737f3226cea806302c4c1abca0fa000c9c518da1779e3472415593f01832aa9dfdbad1b024fff99afb1faa3190a942a3bf917bfd204d5d508d8dac19d51946ee9e862da886747f3886cea806302c4c1abca0fa000c5ca11140d73069d81a0d4dc263c8a8ce3632491abca01a06b132aafd8ddceb4c1ab9a01a1e712b34861bb6751ab34623a4fbc3317485c6542363a4a90baacfc0cc19d500ba8649c31654350f4fa24263aa9131d2d405d530889551ed6fe45e67d2c805d51590b84263ac31fba6016b34a2ea928fd133aa530d8b91462ea83e06635768ccd62f491ab3464353f13032aa530d8b91462ea84642b20a8dce866d74260d5ba3b1021257688c3566df34608d46545df2317a46759e9119d2c805d52761f20a8da93ac54803d66868369e4746759e9119d2c805d560089751ed6cd84667d2b005d57590bb4263a0019ba6d16a3402eb1291e92b34261916200d5ba3f1244c5ea13155a71869c01a0dcdc6f3a8d098645880346c8d463084abd0e869cc2e67d298351a4b217a85c628bd774c43d568c4d62b256790519d645880346c41f57998bf42639e1e19d268351a8a81a792519d61e4ee69d8826a4844acd0d811135668ac86f42d7a4374dd2e8df30dbdd87aa5e40c2a34f6c59c151a8fc41154684c727b8034548d86c2e0c154680c376ceb34668d464844acd0d8111356682c88015af4faebb7571ae41b7ae1750cca495468ec88092b349e8a5368d19be1deddd338dfd053243c9b0a8db1c6ec9b06acd1088ca0151a7b61b60a8d6531468b5e679d364a237c436f051db37218151a3b62c20a8d07e3205af4c6ba77eb74b76fe829181e4f85c65863f64d03d668c446d60a8d5d305585c6e218a645afa71ebba4f0dfd05b44dfb81c4985c65e98ad42e3f1388e16bd3531438b9e42e22155680c3460d3345a8d4678c46dd15b1ff3b4e8ad8f795af4d641ee16bd75744fccc15468ec82a92a34f4854369d15b0de95bf414188faa426394de3ba6a16a341641e816bd9531498bde2e98aa456f05246ed15b4af7d09c4d8bdefa98a7454f19e7d2a2b70e72b7e829369e568bdefa98a7456f1de46ed15b1333b4e8ed85d90e684745ca03daab19919b136ad15b1993b4e8a9c5e9b4e8ad80c42d7a5a01cfac456f654cd2a2b71ad2b7e8ad86f42d7a3b62c203daf190ef80f6820645e79c5af4d6c40c2d7a7a85333aa01d15290f686b1d3cb916bd3531438bde9a98a1456f1de46ed1db1773bec28a308875407b4de3d2735a2d7aab217d8b9ece715207b4e321df016dad86e7d7a2b71ad2b7e8ad8c495af45640e216bddd31ed09164d45945758b1aca10370662d7aeb20778b9e7ec379bdc28a308875405b6be229b6e8ad83dc2d7aeb639e03da5191f280f66330f609168dc5de2758b4b8d16370782d7a2b20718b9eaee1d44eb0682aa2bcc20aad8c67d9a2b70212b7e8ed82a90e68c743be03da0fc3f0e758d71ffb9d63ddfa264cc2111ed08e8a9407b4f5268eef048bc662ef132cd21678a807b4a322e501edbd30db2bac08835807b49f8a5338c7ba3ed8e3472cddc29c6138c803daf190ef80b6fe84433cc7bafed8ef1cebb4111eed01ed78c877407b474c7882455311e515563c1b677101177c867b5dc0051b99361227fa0a2bc220d6016d7d86d33cc7ba3ed8e3472cd57678c0afb0220c621dd0de1aa39e60d158ec7d8245ca3897cbb8ec1aaeb98ccbb63373308ef6048ba622ca2bacd01d38d30bb8e033dceb022ed0be78d227583415515e61c50330f039d6f5c77ee758a7030e681e726c6afe781cf309168dc5de2758a4bb71be9771d9355c731997e91978ea275834167b9f60d1c330fc39d6f5c11e3f62a97ec4610dc4c65b0b3124e77d8e75fdb1df39d6a91b0e7a1e72e86178fce758d71ffb9d63dd2371041770c167b8d7055ca07770767db0c763041a9827708e757db0c78f58aa2138f481d8580fc64fe11cebfa608f1fb1f4d9388bcbb8ec1aaeb98ccbf4194ef363dcee79624dced3b8800b3ec3bd2ee002cdc033e8833da48c5fc6055cf019ee75011728e35ce62187eec6f95ec3358f17f12078449771d9355c73199729069ecac7b89d74821fca655c760dd75cc6653ac1310dc4c65218717f94bc34f3904351f19caee11ae91dfc7ae62187aee1d4fa600f29a4057ea0bc4903b1b1247de19f8681d8587fc5397e8cdb49b1adf44be5ddea833d24e91cff5ef4c11eba1be77b0dd7484b59f587cb6bf7316e27496fe21f918f713b49faab1dfe1de15fc46bb84692eec3bf2fd7708d24ddc47f5624499216e6c79c2449d2c2fc989324495a981f739224490bf3634e922469617ecc4992242dcc8f394992a485f931274992b4303fe624499216e6c79c2449d2c2fc989324495a981f739224490bf3634e922469617ecc4992242dcc8f394992a485f931274992b4303fe624499216e6c79c2449d2c2fc989324495a981f739224490bf3634e922469617ecc4992242dcc8f394992a465fddffffd3f0728fe6bf10c67710000000049454e44ae426082, 13, 'labovic23'),
(18, 'OUR', 'When beer and experience are combined, this kind of bar is exactly what you get. The spectacular offer of beer from all over the world is the main reason for the big crowd every day.', 'pub', 0x89504e470d0a1a0a0000000d4948445200000344000001c60802000000db9cdc83000000017352474200aece1ce90000000467414d410000b18f0bfc6105000000097048597300000ec300000ec301c76fa8640000188f49444154785eedddeb5aeb3a9605d0a2dfff9d696de4ca47c5176cc7174d798c1f5d091bb02c2d69cd04e8f3f5fdfdfd1f000032fddff0bf00000412e600008209730000c18439008060c21c004030610e002098300700104c9803000826cc01000413e600008209730000c18439008060c21c004030610e002098300700104c9803000826cc01000413e600008209730000c18439008060c21c004030610e002098300700104c9803000826cc01000413e600008209730000c18439008060c21c004030610e002098300700104c9803000826cc01000413e60000827d7d7f7f0f0f01a03486afafe111f05f2de725efcc01000413e600008209730000c1fccedc4eeb7fa7c40c0359fcce1c8cb5dccd85b9b58e3add4c38d0b8b7e3cea9c533056d04616ec9d92f4f4d3ed020610e8aa08de077e62694f5ab86e7a7192e73fe8500805e0973ffe3ae6875d7750180747ecc3ad891a5564eddd6ef6c45faa61e68df5b952a429e29682308736b9beb511375f1e5b8d7d6e8b686dae06cc21c14c25c86358df6bcf9b9f7ea9ce78c003747857006610e0a61ae757fb6db2ba7a5a9c1b0db95196e4c917020610e0a61ae69cb4df7ae09697354fce9de0c37a654f89c30078530d7ae85d6dbc254343e3c7edb1de3362de5beaba8163e11d4c3e03c411be141612e2827050df5993605ac6397ecc64bf31c413d0cce13b4119e12e6e65a60d36b1338e6eeadcc52d7acd1cac1146a864d827a189c2768233c22cce5a6a2dc91f7674d72ba6b5d5a1e1b89827a189c276823f41fe6d2f350faf8fbb09c96da598be57116ca8635827a189c276823741ee6267b5be22d7773237196e3519b4b9038669a12d4c3e03c411ba1e7ff366b4f016872d8cb3d9b0f95e95d98e1b222cdd6d2f2d896ef0b8038dd86b9c976d56cf75d6372f0baf2491626f627290514d2f238550e4037fa0c73fd25b96af21674e5c3cd4de94f3a0aaba28531ab1c803e7418e67a4d72d5e48de8ca075a4872c3a340f21c40c77a0b737d27b94a9e3b4999c3b9fae9a084e6ee62eeae0148d1f31f40541db4e1b12e6fea5e7381a6b3a99ebb1d790e205757616edc903a0e3de35bd38f777b4892abe43980cef413e61e95e42a79ee108f4a7255b9b5c9bb533f0089faff312b2c988c2f7359a733f21c7cae6c19bb86db7512e6c67be909cdb818dfa663e5430fa99cea51370bd0ab3edf99d38f59e3b1af017e1bdfb2d703b052d92c4e605ad04398d37bde98903524b917790e205a87efcc797305805395173c85b39746c487396f214c322dcbc6f3f3f043d99b73b09524473b7a7b67eeb1bbcbb1b29e2437499e8395cad67068d0943eff000200e021b2c39c770e16989c49de965be0cd39f893b7e568507651be751a1bcc84fcc914fdc914a106e6949919cfc6e407aff7b66a6b58d965411b4198eb8a0959363eec72a7a8decb19e3ef6996d8c74932a94ccbe454cc7dbc7db923bf46d04608fe31ebdb2c33668a96e59ebf4519fc49e30f9d163855dd74c3935fe63e1ea18cbc8c7f7842b27efe0042072a4cc2820eceac720b4559e58b17ba83a9834fd47d373c81f6f86bd69db4b7747147f395312e6e72e03c5949ae8cb61a9effa5dcdafa4fa659c21cb4ae1ecd02165c6f79ebb5b3317f0e897fca78aae11f56289f5cbe70784226618e47483caa7e4ee67fb61ecd6728c3181ec163d4dd373c69d2cf09f14f3d258ae11f7898d62b754ea9dde1d18febefa26e9ee1c9ff7a1bdb4a07dec2ed93d3a066e764b290ea686f1fa4427a2c4bbf720f4eeedf6b1c7b4adc78232d0bda08de993b58dd123b0c5fcfe3bd4a68780e5c6be51ebc3d00dd7b759a22cc6d563670f17af0c6eee2134a08f893838237c2dc66650bd55d541fbca99f033b347e4097e10d8fa05f6d6ec332aadff41ade0873f4af9c7dc3a31f6d9e830d1ed01a06ccb972c3d66bfd36fc03fc973007372b27f5958d0198d3e04e7438b086300737fbf742db610d775b1f9bae0958e52ad75c880e0873003c5d53b1e915e324395612e60078b44d496ed3276ff593e28efc7f20c743087300d08a7f6fc75d9be46a7c249a30b753d96c360040ba72925f1c9ee6dc3892466680dd8439b893570570a3adf9e9bcbcd54ea624516a987b2bfa5bda619b6df86d484e0700e89b77e60078226f861526a10fc21c004030618efeb5f043f91dca38d7183efb046fdfdccb771eaeec88ce76417f77f458fd84b953bbda9cb20d6eb92eddab87ec1ae5331521b0553d648627840b0e73aa70ecada99ba20835900d4f7e6c3a64cb678ebf0300cfe1c7ac9fd24739d6a624f79b3a0456da7dced0a6aec25c6bcdac8ce765f8d099aeb94a1ffa9bab7fefce1dfa23d7fea608de6c4a3365476cfa7cb85276986b796bd55ef8afc1feb8be35968b0e8f78cc6c9c779bca09a0597ecc7aa2dffdaf3cf65607738e2d0f9506f028bd85b9bbdad8efeb96c793c33835cf9df79d7bd5eb8c1df2169a72828e950d7ec841413be2c35c0b15f97b0c759354c387ee70efd5dbd4fe9c341ba19413f4a11c32b5490dcfe945873f66bdab23de75dde2c64b476b6adecaf15ab43024e5046fcaa6e82600757323fcd643986ba134eb18feec82d7746b7b754efb33d3e00895135ca076870b1a045deaf30f20eeda0f6537fed9f9ea8e1d9e1cc1e6ff84d97b6342e02eb5839cb707cb772edf7f78425f3a0973e302bdbe27addf24076ed7f1f7b15797b5502a419413f44192eb5b9fefcc41ae1b0f5cb916c62e8e41e55a87ef4449ae7bfd84b971a5b6dc990ed9aee3ef60bbae91552a5bed3eb59513b4e39043a97c93ca5eee5e57efccf5dda4df8c6fcd765dafd752d97d6a77bc53204ed9c5c587bbb29e06d5f021fad5ff8f59bbec525aef19ccea6f1a00dcabecc1dd87524d72c3131ea0b7303759be9d35e9c9dbb16fb732632fe38a32395025a62249ee813a7c676eb288bbc97392dc81c6f3165d27fb4ef0f12d2b279874fdf95036e3d68bee3b0748d7e78f59274bf9fa7d38a78c64df7e9bbc05fbf65893937c8b0b46d2cecd029336e5b9f2993ac23375fb3b73cde6b9bad976ecb7c9c1eff83efc3639812dd449b57e24b5ae8627eba828586fc716bb52195ee323e4543dff0144837d7af7d527bfd0be3dc45c9dec5eaca39481156b46523e61f22e164c7ecfaddf04faf6da593bb6d881ea39303c99528777e308b95dff417e6e0facb9f1e5fdb3c3bed99e1c867d7bac4feae402bf87371e52f9d7f5e36cfc4e69c15b913cb6365e3b6bd3163bc9e418ea4ad9bc2709da08fd87b9e26d3d5edabff7dc91274a99edf138d78f5045b1c65b9d3cb63cca3c947bafff77f8d0ad3ed9fbec10b4111e11e68af11ea89a5e1b7df77273735ea44f7bc7b7c6e1827ad8a9ea3cd8208f15b4117afe9db9dfe6d6a02cd5db6ab56061548e955395e95d2895e151a085c1ab289854778d0d4284a784b9e2a74db71ee99647e258b946fb75b2dec2987f36848a0288f7a030572d74af85b67781e5abebbb176bb64ed65b1ea772823fd926a478caefccbdf9b3195f392d4d0d8637cbabd3e6d2248e99a6bc95909ae1998236c243c35c757b8aba7d00ac11b44c2a8a4304f530384fd046787498abfeec7fd5511375f1e538ca9a85bb71d5fe1c9e8a62bda01e06e709da08c2dc6065c67a593f6fe77d672eb67e292f5bc4954352546c12d4c3e03c411b4198fb1f5b83d7b1ac458a7b53ddbd57e70984392884b96cd7473aab90685f9d6c5deb6bae02bf09735008739d383bd599fc0e9c5d245b292a3ed75a55430b84b978c71e6de6bc4bf7f63f45c58184391813e63ab4feb033c34f736523545d9c41988331610e1eea8ca668cf7236610ec6843960b0b54ddaa15c4f988331610e0080533cee3fb40f00d013610e002098300700104c9803000826cc01000413e600008209730000c18439008060c21c004030610e002098300700104c9803000826cc01000413e600008209730000c18439008060c21c004030610e002098300700104c9803000826cc01000413e600008209730000c18439008060c21c004030610e002098300700104c9803000826cc01000413e600008209730000c18439008060c21c004030610e002098300700104c9803000826cc01000413e600008209730000c18439008060c21c004030610e002098300700104c9803000826cc01000413e600008209730000c18439008060c21c004030610e002098300700104c9803000826cc01000413e600008209730000c18439008060c21c004030610e002098300700104c9803000826cc01000413e600008209730000c18439008060c21c004030610e002098300700104c9803000826cc01000413e600008209730000c18439008060c21c004030610e002098300700104c9803000826cc01000413e600008209730000c18439008060c21c004030610e002098300700104c9803000826cc01000413e600008209730000c18439008060c21c004030610e002098300700104c9803000826cc01000413e600008209730000c18439008060c21c004030610e002098300700104c9803000826cc01000413e600008209730000c18439008060c21c004030610e002098300700104c9803000826cc01000413e600008209730000c18439008060c21c004030610e002098300700104c9803000826cc01000413e600008209730000c18439008060c21c004030610e002098300700104c9803000826cc01000413e600008209730000c18439008060c21c004030610e002098300700104c9803000826cc010004fbfafefe1e1e5ee5ebeb6b7804ac70fd2605208877e600008209730000c18439008060c21c0040b0fbff00c22f77c31b7b0480f5bc330700104c9803000826cc01000413e600008209730000c18439008060c21c004030610e002098300700104c9803000826cc01000413e600008209730000c1bebebfbf878757f9fafa1a1efdb87e00d0387ba44d6feb32c77a011713e6a039f6480b5646b735ac20702a610e9a638fdce5c00037c76a0287f33b73c0d3950c570dcfcf345ce9926b010f21cc010f35a4aa9b72d5706da90ef8981fb34273ec91b3ed8b502b17e2d46f0e6b6c2a42b5d701610e9a638f9c677d933b70da6fb9280fb129b7ada714b30873d01c7be40c2b7bded9b3bd6618569c0527a5b7656ab271c21c34c71e39dc9ffdefe2496e6d3cb4ef960c37a632db24cc4173ec91032db7c0dbe7b6f1e171bb4632dc98e26c8a3007cdb1478eb2d0089b9ad5947172a54f62dca6b2f9e44285126d813007cdb1470e31d7a29a9dcf859eaa069e6347b43aa33cb60e4389de4b9883e6d8231fca4d45b923e773ebf3d3c5c5d0ecc07811e6a039f6c827e61a4fd03476700b6cb2322ddd5e0029e37c20610e9a638fecd64d0ceae64658b6261e35b8e8a1c3ee983007cdb147f6996c30d1b337d73295441f962351c42a77700b7df0df66057ad05f922be6c6bfdc41695f59c185452ceb9e52bacb435dbe4d0e24cc01f1261b464a3b5cd6c75df0db42bef98946792bbe3c6c79ee02c21c90ade324574dde8b0699a8acdadcc2fdc4a1eca25db885851be710c21c106cb243a437c5b1c936a93b665958af9e2a76e15e54ec79843920d54392dc02dd31c5dc4afd0be9cf78ed51a9d893087340a40726b9c9bbd31ddbb790e486473d92e7ae24cc01791e98e42a792ece5cad3ea45c276fb3cc89a23d963007f4e009adb17ace9da69b8b2c4f5bc1b9fb95e70e24ccf5c096e051c605af3b3a045a33b722cfcce2f2dcd9843920892457c973899e59ab953c772a612e9e9d00d094c963f9c949ae2a3360124e22cc0131bc2df7dbf8debdb46b8124b74cdd9e4198cb660ff0641aa419688d24b78f5ef621612e58a9fe724638267808c7fd1a66e94692dc4a9373a2743f21cca5aa496e7802cfa3fe2bf3d008496e1379ee58c25ca406935c19d2b2e1f3601725b49eb96a8424b7ccfc1ce8864cf076d058ce4deaecbd4d5af9e08dd33839243e618f8c999365e6e75e6ff35f5882954cdd21bc3397a4147da9f2a60a7d7948e55f8be109ec756f15259671dc803bd3c8295d4bb71a3ed49ef15cb53cda660973314a7d377240bcfc39a4d6064c1f2eaeab8832b6d76ed466f8a8e7f3cbf0513a25cc65484c722f6d9e74009f1b9f6fe79dd50b6769f9a73741016e3cd432fee111eb0873011adc96eb871474a0d0a61b8ff572e96a781e2574d8ec50d6ba9cb46f867f0b1137e0d6dc9012de8e184bb8aceed2e1c98c359f73ac4d577c5bf1dfacfe247be4b71666a38ea1fd855039171b1f6ee7cdf9f85a2f7d2cf49593d91fefcc35ad147707d55c6e6152f9a785e3099a522a56b9b2ac1e6b27a9dffcdfd139523f215d3737720b61ae5d7d24b9053fa79006c992a6caa396eb1ac317dcad9d9174c9f49ecd0caf27cc35aa1471e91cc313e0c75d9be2f5aaa33c58a37ed5f56ebc3426ff73e67037618e9b95ddebe51700ec26cc01c0365e829ee4edcd39f3bc923007f0376f21b3c0cf07b99730d7284703f03901149e4098031af51644bcc259c32c5d4044be92d95e43980380fdae09d025d33c24a97b41b283300700104c9803000826cc01acf2ed0f5a8126097300b096bfcbb9c0dbac7a11f527610e002098300700104c98e34e5f3f862700c076c21c37fbfe313c81b6955aad2f3feaeb9005f5f3012e20ccb1c7aba5ed53bb5d21c691a896eeb25ae1d5f06500e710e6b854ed6d43bb93e408b4b26e6b8557f21c70aa1bde1a793bd7ae1f407f6a3c1a9e5c65777fb2e27fb2475eba998a2b37a9fa39d55dd37b6509b540196f22ccf5e0699bbc7bf6c84b4f5351efe5ec5b503c67bb6b86dfeae76d1873720b40256f22ccf5a04ca969ec893df2d2df54d43b3aef4614cfd9ee9de1d7d5575eb77c7e680da8e44dfcce1cc0756a4f2a8deaad57c11aa57eaae139fc10e6002e3574e3fffec5ebf0513259415a20cc01313a6b9c25cf0d8f0e22585ce0f05563ecad92cdf99f8439a05d0ef14f983d7808610e003af4e56fe31e4398eb81edca73f84922ac21c93d8a300734ade386746cbbf56b467769f0054674926b703edb27cc012c39a9b544b7db87b3705732db6b08734098f417ee65fc8727b9f439e140875717ed13e680d6ddde990e8c4ab5d19e7d47b7cfd8d308d3473193fb0873409e2b4ffc1a8c0eb9624d72c393e3e87fd73b6a1d0f5fbb936aec2e5e96ac24cc0101ee3dd3cbd58b0ffbee655df69aab00ed10e68048596f479d97e4b2e6a1632d2cc4652f184ea2987713e6800cb777a932807dcde6ca161bddcbb398eab399e1f584392095d7f166a029f72ec795af19cea0983f21cc0131c6bdeae2065006b0e98ae593cf1be1f83b7b27e36226fc3ce676931b82fcdb0164c1e08d3db2a08504b3299f9d373c61ae051fae42f9f24356eda8ef7317c5fc21610e9a638f2c73ee1726a11d1fae45f9f20fd7eef3ef702fc5fc393f6605c28c0ffa7133e89be6d799a715308713e6801e3ca71d6afcadf9f0d5c58741bc5c2b3aca8fe7ca2b931d843920cfe471ffd894a3f9dd6ebc04d754a3244725cc01919e99e734bf20ebabb12ce28ed22d5fd259926337610e48f5b41c23c9b56c722dcecb735d2639f5bc9b3007041b9ffe9b3a62905eefab271f66919ae7aae14333ca27f4977b24b94f0873406fd6b4c32073b7a3f93568bc289b4ab17c7935b7e87d18df5ab9e5e111bbdc90eedf56d112c21b7b64abb9b6d7c1d4757c6b1d3b2aacccad7e915b00474d0ebf0973d01c7b6487b9b6173d7b5dded41358b8399333635a3ee7c7ac400fe6fa41691e739db5650bc3d6f9dab7508dc3a3e7992b69f57c08610ee844e90a7d34d1b9d12edc20ade9a3148fb250d2c3233e23cc015d496fa2da5e37e4b94a495f4098037ab3d0445beea30bc3d3f64295859b5cbb85b5ee8c92bec6fd7f00012c73eaedb670da3435ab29e364b707661a31ee4ac21cb4ced9f789e503e7f6b96d7c781c6861ad3b5be8e7dc693bfc9815e8d972f3285d67a1f19ceacf4b6b7b9d5958d0bb8af00c0bf7a2a4cfe39d39689d13f0106b4e9e0ba6ba916170a35ee3ce726dabea530973d03a87e081d69f3f074efb2d17a5659de51e31ee76378439807bed7849b9e9a83cfbfbd3813f8b24a224fab88b0e0873c043ed885c6770083fd99a226cb0424287dd31610e78ba5b529db397979515d842cd88716d12e6000617a43a472e73d697dfc555d4ecc07811e600261c18ec1cb3acb7b5f04eaaae4686c14ac21cc0df36f536e72a1ffae4b5c48ef2bbf8721c4e980380467d12b34e253c3445980380d63592ea64863609730010e39654272a344e98038054e7653bf12088300700fdd811ef248174c21c0040b0ff1bfe17008040c21c004030610e002098300700104c9803000826cc01000413e600008209730000c18439008060c21c004030610e002098300700104c9803000826cc01000413e600008209730000c18439008060c21c004030610e002098300700104c9803000826cc01000413e600008209730000c18439008060c21c004030610e002098300700104c9803000826cc01000413e600008209730000c18439008060c21c004030610e002098300700104c9803000826cc01000413e600008209730000c18439008060c21c004030610e002098300700104c9803000826cc01000413e600008209730000c18439008060c21c004030610e002098300700104c9803000826cc01000413e600008209730000c18439008060c21c004030610e00209830070010eb3ffff97f47d4ab42a7c061090000000049454e44ae426082, 6, 'labovic23');
INSERT INTO `service` (`SerId`, `Name`, `Description`, `Type`, `Draft`, `NumOfPoints`, `UserName`) VALUES
(19, 'Dilema', 'It is not a coincidence that this place is located right by the Danube. The best elements of the modern era have been placed at a perfect location and now they together offer more than a place to socialize.', 'cafe', 0x89504e470d0a1a0a0000000d4948445200000344000001c60802000000db9cdc83000000017352474200aece1ce90000000467414d410000b18f0bfc6105000000097048597300000ec300000ec301c76fa86400001c0049444154785eeddddb62dbb81540d1c9fcff3fa788c53a1ef122de009c03aef5d071d258044108dca233edafdfbf7fff0300404eff4eff040020213107009098980300484ccc01002426e6000012137300008989390080c4c41c004062620e0020313107009098980300484ccc01002426e6000012137300008989390080c4c41c004062620e0020313107009098980300484ccc01002426e6000012137300008989390080c4c41c004062620e0020313107009098980300484ccc01002426e6000012137300008989390080c4c41c004062620e0020313107009098980300484ccc01002426e6000012137300008989390080c4c41c004062620e0020313107009098980300484ccc01002426e6000012fbf5fbf7efe94b0008e9d7af5fd35747b8c1f110620e8058cea5db1e6e790c49cc01d059bd7adbe60ec818c41c001df40ab835ee86e425e60068275ac3cdb92d928e9803a0ba8b0d77ee56d5e5a0d09e9803a096733955efc6146d3c700b3107c0fd0e6553af3b518a41c247620e803bed2fa45037a09dc376d324203107c03d06e821494746620e801b7ccca05cb79b3d55e7064a10620e804bb6bb27fb5d66ecb3630c620e80939e133a928ec8c45c1f1f1fe0bb2e40701bfbd8a83bd8034f9914c45c0b1fd36d0f570a88e3b159a3e70848ccd5724bc0ad71d5805ed44c61120845ccddaf6ac6bd71f98096d6f6b767ee45668320c4dc6d5a36dc1b17116840bbcc9913221073373891711fa7bdc66b029ca65ad69819ba137397ec4fae8bf3dcec4000738b5b90dde62753444762eebc8f8155696e7b1d1778a698995246156dafd373f4f2eff44f8e28efd8c537edb7f2eeadf706fef8e21f87077045bdfd2d35d3422f9ecc1db6d1495d2633da788091cc7798201b4b1958cc2d2eec8c3130317740e46c9274c0ed94dc397a8ec6fc9875afe0b5b431868d9103d0807d98aac4dc2e6befc39250114aee656330f611e0a8f9be1167bb0bce44d19898fb6ca3e4a6af22d173c0754aeea2f974d984a947cc7d90abe45ecad81687672b016826f26d82c188b92d194bee9b9e03ce996f14a136bd32bca49d6407a612317758a24d24e97e0784622739cdd4d186985bb5f8112add3b733e601f0d81bcf23e96837ac4dcb2314aee45cf01fbd91faa32bdd420e6f6f2591078a0505b5fc6c772ee1d3420e616cc3f39657f37cec7efd32190cb76c9d9d3783231f76ebc927bd173003024311782ae022278db8be27c942d03cbfbb9fa6de4367c6e27e63e68b07d34dba4f26e8500c01a31f71fed3f30f5fdb8e90322006427e6b6d4ceacf625e7e11c904edf0fbd109f98fbeb998fa93c9c0380d4c4dcaa513f08fa800b24e2b11c7c24e6bab1430100d789b90e4ac62939808f6c95b08798eb23d4f654b6cbe92b00201b3137790b9a08b155afb17cd20516bd6d0e7d3fe91d7d2c57fefccbf4eb30de866407e676620e80dc5eb55422e9e5f59bf01c62aeb5b2e9d86b00b6eddc2acb1fb3a9829803605549a5e9ab86b6fbecabdf26e58fbdfe64f9cff2cbd71f0825e6a8188c9803e0af571bc5f4d56f53c0bd4cff451e19c74c7c62ae291fd1004ef89971d36f01ff27e65ab31301b934fe14fa8ab6af78fbebabe2f26d9e65e4d3575093986be7b51f4dbf0088aae34ef5aa9fef7afbf6fa6fb31be6448846cc01f041b3274caf742ba65f1f51be2bd493b05083616c626e993721f064f39cb22b1e329fae73850a7b88b949a8b759d9055e1bc17c3bb8c5dbcbda6280393d779a89a23131d7d4c77778f90345d9435fdbe87c3305201d9b3955f92bf97fbd95568d99793bc4dccf83beaa6efac5ad1a9c293086f9ae1579c7a8b76dee976bc6188398fb2bda3bb0d2ae64a3010e49b46954da36f7b3c1d2851fb3fef5ccb79c8d06386a9e2c14a6855ec4dc16ef4c80c58f7cb6c7378b13e2d3326d88b9ff18fe8d67ff054ed073db941c7d89b90f46daade6e762af01765aebb99136c913d666c0ee4a4b620e805dd602e5b13db776e24a8ec6c4dcbbf99b708c7d6a7e16b61be0a88d9e1b63abdc6fed7c6dadb427e6168cd773f3f1db6e8073caeeb1b6813ca4e7ca69ae9da9ad952ec41c00876df4dc5ae80c60e3ecbe1257c9d187ffd1e055f3776ce3b92a03b8e588dd4f8474d66e576f2c24b6974afb1572d7b63917ed4ce12731b7a56f06ddb22bf53d0552d8be4b1d62753d539cd0b965db7cf3f10d62d9d39d98dbb2f81e6e3663d777a5bee327ac8f37a7bb586ccfb1675135580fd7b7cd9f3e9e94154e1062ee838e3d747157ea3872c2fa7873aac1aa7b8e3d0bacea7ab8b86dbe743f0b384acc7db6f6c6ae3d75a777a55e0326ac3d37a706acc087d8b9de6aac87d3db66d171d8709198dba54b1e9ddb95ba0c95b076de9fdeec5c2d555f9cec0e2d8fbb56c5d16db3cb20e176626eaf8df77ca539bc715772951fa8cb5d6aff41adc98738b40ebf5d591edb3b67fbf1400362ee808d5da0c6346e6f496f1a8f8dc8f6dcae1aac8a20c320883deb61c3a1cdf0fb0f373b28f425e60edbd81dee9dcc9f5bd286edddcaf57d9a8f77afc64b62cfddd42a7d943d4ba22f0b9274c4dc196dfaa91c65fba5da0c832c82af07cb9537db4ba23d8b90bcc4dc791f77a28b735b5e7ff115f6ec802eebd36cac8a508b21cb386969cf9e568955c718c4dc253bf7a073935c5efce737563d16a9adad8db08b21dd806969e75e779a65c678c4dc0d8e6e3d3be7bcd2cb32928d45127c3de41d395d9c2b3c6b89871073b739b7d7dcc2457ca6b52597683d0c700ac454969655c473fc3bfd93cbcac6d17eefe8725022182383d646dbf1a311403a3ebbd452f56ee4aab1b8c0922e8c91ce05a03d31d7c22d61e74af16dbea206581e439e14400362ae83fd6de7ea303770f4e8398013c45c5ce5c6e6eaf066f193c0c031577817006cf32f40406e555b67b1aeead16d002788b9b8dcd878f3849f42cecfa8715002a423e620ab51735fcf011c22e62087f641538ee8f130407c620e52aa9d597d4b4e4402ec27e62081968fe5cab1fa96dca2963300908b98837c6a97568492f3700e60273107fc15f0991c00dbc41c90839fb4022c127310dd5bc43ce7c9996784007b883960e267ac001989390080c4c41cf087c772004989390080c4c41c70feb19c7fc314a03b31074fa7e400521373f06817ffaa9cbf6607d09d9883e8de8229c8f3b08b15b887277f007b883978ae064176234f01011689390080c4c41ce4f3849f3ffa192bc04e997ec8024ff61637d7dfb91b3f63dd195255778fdbcf176054620e729807d69537ef62c97d1f62cf2b2fbec25dee3d5980b18939c8e1c6be99bfd4cba117147300418839482354e2d48b39250770887f0102d29837cdbc7bb21bef8c006af3640e32596c9d2eefe24a4fe63c96e38a731f06ac31b21373904c90dca911734a8e3dce15db395620298839c82742f4dc1e734a8e452dd36d0fcb9280c41ca4b478876bf976be37e6ba9f0ea1440bb83596284188394869ed6ed7ec1d7d57cc753f11e2c8d27073962b7d8939c8aa63062939ee7263c05d5936418601e788b94076ee262e19df7ac55039eef543f41a3c419ceea7962be4f4200b2b9966c45c4f57b6896faee0c36daca27a6ba31cf4ca8b771933419cd8f7e2ac8ad483676062aeb5137bc17eaee66335cea372b8732fdb789c847268f78bbf1e063b1d5213738d1c7adb5fe7b23ed0f61abb774994631d7dc196c3239a9d1b60de6530fc09129c98ab6ee79bbc0617f7693e2eb6bb964439d0fe976a362a02dab3018eb4009e76be0421e62adaf3aefe69e7b538fab285abfc280d6e27e5101f5fc15dede13e2e80b1affec34f9fc6c4dcfdf6dcc35e6e99fcc687238baa0ba3bcf8e277598dbc6caf84e75c7df3401b62ee667b6e6695e6bce3a1096b7f5d7ddbb348cacbbefe58a5d727afed25f1ccab6f4ea84dccdde6e35dadd954c71909419c48ae1a2cbce16dac3457dfe4508f98bbc7f6cdb2cb24071c127d754c3aebed09d61698abff9359a2063177838d7b64f7e99574cc35ab3a0bec3934ca7ee68adb89b94b2267dc4f59c64917f7b69d15f540eae484c54933639c23e6ce4bb77fd970d9697fde593c8892d34c1d77117327250d233dc72dca42b26628e4c84526905bfc3bfd9323f2265119e1e220d7ce08e090f8db6028a68b5b88b9c3d63e48257a4f2e0e55cf0187cc378dc6dbe018bbd67cd2ecc61c25e68e592bb9e9ab3cf41c7045f7921b899ee3223177c03025f7a2e700600062ee92ec9f447d92064ef058ee76f309f4d19afdc4dc5ea36e5e7610e02225770bd3c869626e97b13f86ea3900c84bcc0170800f7bcd986a7612739f8dfd58eec5c339e01c3f1cbc91c9e41c31f7c1134aee45cf014046622e3439454c9e1f00c421e6b63ce7b1dc8b8773401665775adb906d5c3c8d983be0094f233c7101805cc41c00c96c3c9683071273ab1efba0fe6d8bf4030b6043fb2d62e092b3df728e98dbcba74080a2ef663870c9cdb9efb093988b2bce9ee5c322008425e696bde5cbd33e1ef93808ecd7ecf3ded88fe57c6ce6343117d4d87b1690da7c771222b7730b603f310740021ecbc11a319795773ed051a28773f177cbf9083d96e31031b7e0ed7df5cc37d5db596b47e04dcb9e2baf7c6e2b3efd8dcdd85db94ecc01709bee69f21a40f9cf978c25177ccc04e46fd92f787b77359ea2d7d13f1eb4c126d5771e80141ae4c8c676373f7af9930db6c75b34983a1ec293b9585e7b90373390c5e27eb59829f72a87f8de307f9afeebf016a728d1f80945cc05f2da98a65f0024b1b8717db5d60d49b7b831be7e73f1b8f17d4d8c92e34e620e80abd64264b15af62bdffef6ca5f2194f8736f19fcf4d57f2939ae107300dc60a3e7d60ae690d7eb94a324ed9ed7f8a75ffc57d233220e3107c03d36a2642365d6943f5f5ef0f58dc59f881b2ee38aa4274528620e80db6c27d776d6fc54fed8f7eb6cbf6664dbe79bf7bc8826f1df3ca8e7edbdd76c8a36def31bea0dafd73c0003f8b8a16d6c29e57b5fffedf717879cfbae7b5d397d384acc2d787b13c69ca206bb558a790022fbd834c57c6ff9feae73db4e83ed71cdb9f3858bc4dcb2f81d537bb78a3f0340167b12a7b86b9fa9bd3dce353e4178e3efcc01505789983d1d5392e8dbf45b814d03fd32fdd6ba9d3300e78839005a38143453257d997e2b86694cbb4775e8ace11c3f665df6f6460d384b65845547157f0680bcf6c7d0dcc7ede8c6edb1ea38e12e626ed9fc0d1c6da26edcade6e29f3e30862bb5f4ed6d833ab73dde3292c26e497b626ed5db1b3bda449ddbad760a7eeec078ee6aa95eec9374e4efcc01d05f89a16fd36f85370df7cbf45bd0832773abe61f1343cd55bd2773c14f1c7894684fecec870424e6b6bc6d22cf8c392b0408a565ded9004941cc6d996f1971a6ab52cc453e65800d1723cf5e475e62ee8347c58d92038074fc0b1000008989b90fe68fa62e3ec90fcb633900c848cc7df69c9efb49c901400a628e3f9e90a700302431b7cbd80fe7fc801500f212737b8dda739ec901406a62ee92ec25b4387e8fe50020113177c062e5e4ed39250700031073c70cd3734a0e00c6e0ff01e28cb57acb32994a0e008621e64e4ada73d933140078e3c7ac27add5cf5a2d45a0e400603c9ecc5db2916ea12636cb380180a3c4dc55db8fe2224caf9203808189b97b044cbaf89509005c27e66eb31d4f45b3a98e331200a0363177b3be2125e300e069c4dcfd3e16d5b75b26bff1e1008050c45c2dfb1bebe5d085a8fae200402262aebaa3e175231717008627e61a699c742e2b003c84986bad6ad5b99a00f03462aea7bbc2ce450480c71273511c0a3b570d00781173000089fd3bfd13008084c41c004062620e0020313107009098980300484ccc01002426e6000012137300008989390080c4c41c004062620e0020313107009098980300484ccc01002426e6000012137300008989390080c4c41c004062620e0020313107009098980300484ccc01002426e6000012137300008989390080c4c41c004062620e0020313107009098980300484ccc01002426e6000012137300008989390080c4c41c004062bf7efffe3d7d0970caaf5fbfa6af76b0e700dc4bcc01071ceab6fd6c4400a78939604ba57adb665f02d84fcc010bba34dc9c0dea69f62c3cab02de8839e0af200d3767a71a4c8d956691f058620eb87a673db48db43c1671b4ff9c60a9f01c620e1eedc42db6c6a671741836ae2cda37dc9cd5c2f0c41c3cd4febb6ce35d22ecc0d82f42c3cd59308c4accc113edb9d776df1c7606814d2c8eeb0db7f36a5e3c9035c360c41c3ccbc7bb60c03d21e3989fe6445ddd7ed58e8ec1b26118620e9e62fb5697622b18e014c6b33fa15a5ea098a3824ac41c3cc23019a4e7e2d8194c7d2f4a8a41c245620ec6b7713f4bba038c7746e97c8ca4681722dd80613f3107231b3b7a245d17db55147fe6b38f1fe6c41c0c6beda635d8bbfe21a719c1481924e9188998833105499cd7306a1f54cf35b0513f79e779c893e281fe9dfe090c2454dc3438e8da21366ed51c326af46c0cdee221114fe660348b37a12eeff43292c6c78d73ee2359cb9a9126f609e7c8c03c9983f13da4e40ab7dedbadf5f16053bd76466b9107a17832074399df7bdabfc75f63e8b8b744988431ac95dcf4d588d6eacd1222324fe6601c7122a6ef9d6f7ef4b53b341b1e58728568232331078308d22b6518116e877aeea26796dccbe2695a3f4426e66058ed6fbd414a8e8b9e5c722f7a8e5cc41c8c607e9b495772b7df29e7837133de6371961e55722f7a8e447c8c4e69ff86e2fa3ec47c49b4bff4650c570e7af1dbd7bccd8c77c4b6c5bde5c99366424841cce5b0b8a19ce0728faa7bb294015c39e8c56fdf307fef78176c305d73e684f8c45c5cf31de476aefe1822dc6cca18ae1cf4e2b76f7b9b1fcb7e4d848514939921387f672e96b2657c9b7eaba6e9484d8e4533ed6f3365095d39e8c56fa71217e59ba920383117c55753758baabe4707bab3031c62ba08c507e2fe4e6c0afbaf5ad5172782f9256e7c05cb00ae1cf1e2b7eff4364b16f99c29faa8fb7b0dd688b96ee6fbc286bb2e5397835255df7b7039fac5235e7f853dface527cf39dc114cd9925c2f263d63ee69bc25cd926be4dbf75d9f4725fa6df5ab767903c5959217b1612e9b8ac8b4c0b6189b9d6cafd6f3b92fe74d697e9d7d54c87d93cd0c7d102d9057c8f67d9766c8f0421e69ada7ee77f4cab4a3e1ed78605cfd16517cac2e41093986ba4f4d046127dd554e73d627b0cdbe307007af1575e5ad8ceb8e9ab48d20df8c9de2e56e30b7463e2571d79df590a2ee0e4942185bd46d6120189b9ead6ee76f1673eefc81f25fbada5cd6ddb0d78cdfc6dde7d72da2c892b2c27a2f163d6bae61be5cb2d6ffef2e26baf7f8bb541563d2817b93a5ca14b20233157d1e26db5ec9589b6cbb5d12a8638122da75ede96ab19030623e66a592bb9e9ab9bb4b92de9392a29ab485af19325012788b92ada945c4b7a2e11d705e051c4dcfdc62bb9173d179627191b2cd144cac5b298e1043177b3514bee45cf71a32e776ead10d6fef560cf813762ee4e2d4baecb8db0583ca8bd351a57e4c53c004f20e6ea1af231c0902795ddfca204ef98069f46e63360e986d5603dc0c0c4dc6d5ade39ba6f7cf3a3cf4f1f48c71bf92353444062ee1e2d4b2e083d178d2bf2d303df92e7449896d40bd5ba220231974fd9f86c1f2cd2732f4a2e1d1708ae10733778ec9d433aa4f0b48b6211e6e27ac1759ef1dce06d33aa3da5e570a1ae5ae3d3e7a3c5bb63b43553693cf1cf3da0f9a4b59cb1c54bf651af6bda77ae608d98bbaafd7bbb1cf1c421ce7dd71e76b780e617e525c8a5a9b41a17cfda6adce36dea824f5aa5f5b347ae89e239fc98f5660f7c6fdbce025abb288bb93380725e8ba766719e13799d94b1f5baac91a78587137330a6e7f4dcda1929b9fdcc15a426e62ef1416d91690962a3e786b9466b27a24e2e8ab942caa87a5dd9f9845863c421e6eed4e0bd7d622f2bdf72e2bb0eb1a985552ecddad529ab62fa2aa7d7c29e7ef1c3c629b3c1a41d62ba0845cc65526e5de77610fbcec3ad2d80b51eaaede282dc18b6a57ea32e6b6343194fafeb1b6d2ae08d988347d8b80bfe29a324f7aaeda12ab98be61398656154359f042b8d68c41c55b80704b47d07fa53495fa65f47328d6c736ceeaf956c4ffbf01e7efa6421e6ce7b7b933ffc5ee2569a42b94c1fafd49f68fa32fdba9f691c9f46b2e7a4d86971263f5e8247b1d80848ccc1e37cc5cfe71bd22ba48ae9d7ad4c47dd71dc9d27c221a6f4db7c119a1c62eaf6f74907f0f63eaf3a93af639d3b44f9de3657b9e5847097f9ed6a5ba5cb1a64187c5bbc227da7bdd95656043c7dd820e6ce7b7bb7579dc9ef639d384ab31db0e58470afc55bd74ee7d6e4f4d571d655338b97a9e3fcf7dacabe597b8425e6ce7b7bc3b7dc650e1debc4b79cd36542b8d7da6dac3bcba9bdb5c5d0eb5a94f1b4dfc7be59814426e6ceebd82e27eeb8ed37414b2bb5136bac06aba8af5065530653fbb8a1ce17f61373e7656997063be04b9609e190b5db5b55164f284112a7ea5616e41ce11cff362bb0a5dccc7e9a7ef76ed3abffdff4bbc4b07645ba847e0d4a8eec3c993befedfd1f7626ab7e9cfd29cb8470bba337756b23a38dab9cf7820e79523c90983b6fbe0bc49ccc32ce36037b9b104b0b06b3913e45aeb7fc48e70262ee9214f9d226e6941c3c44f60c92718cc7df9903e080eddc29a9f432fd3a8c69584a8e118939008e29d1f3b17b3e9653337b46b2e78c202c3f66bd64be41c49ccf32ceaa03cb320fc0ed3e76d2b796db42cc51412562eeaab72d23e67c368e398b0a9e667f3cbdd4d825228c01ba10735789b942cc01c5d19cfae9d0be71e540853d8ac188b9abe67b4ac029ad1a7329660068e9626c55626b625462ee066fdb56cc29add773294e1fe82242d5d994189e7f9bf57e313f9256f2a893058e2a21f532fdbaa1e9c04a8e07f064ee1ef3a68936b16584b70f29fe590331d5f81c68ffe1b1c4dc3dc4dc8be5049cb6bff06c35f09398bb4df0b2b93de6941c0044e0efccdd669e32fb3f6536508677e378941c000421e6ea0ad5737719f2a40020293177a7c5a75371d2e79687738bafe0b11c00f422e66e16bce72e527200108d98bbdfa83da7e4002020315745d89e2b033b370c2507003189b95a46ea392507006189b98ad67aee684b75b4365a25070041f81f0dae6e2ddde2cf7cde9103c07388b916d6aaa88839ffe9060c008fe5c7ac2d6c04d04636f5a2e40020114fe69ada4eb7bed722f2d800803562aeb58f8fe2da5f91804302007612737d7ceca7a2f6a589300600e02231d7cd9e96fa76d765ea725000a01e31d7dfa1c07a3974d56abf3e00d091988be24472ddce62008074c45c2cbd92ce320080a4c45c506daaced50780ecc45c02f7869d2b0e0023117329edcf3bd71700c626e6000012f3ffcd0a009098980300484ccc01002426e6000012137300008989390080c4c41c004062620e0020313107009098980300484ccc01002426e6000012137300008989390080c4c41c004062620e0020313107009098980300484ccc01002426e6000012137300008989390080c4c41c004062620e0020313107009098980300484ccc01002426e6000012137300008989390080c4c41c004062620e0020313107009098980300484ccc01002426e6000012137300008989390080c4c41c004062620e0020313107009098980300484ccc01002426e6000012137300008989390080c4c41c004062620e0020313107009098980300484ccc01002426e6000012137300008989390080c4c41c004062620e0020313107009098980300484ccc01002426e6000012137300008989390080c4c41c004062620e0020313107009098980300484ccc01002426e6000012137300008989390080c4c41c004062620e00203131070090d63ffffc0f2a3ce707794514e90000000049454e44ae426082, 8, 'labovic23'),
(20, 'Ambient', 'Very cool cafe! :)', 'cafe', 0x89504e470d0a1a0a0000000d4948445200000344000001c60802000000db9cdc83000000017352474200aece1ce90000000467414d410000b18f0bfc6105000000097048597300000ec300000ec301c76fa8640000138a49444154785eeddde1629aca1680d1e6beff3be74e84a61e15446086bd67d6fa714e4cd30888ced78d69bfbebfbfff000090d3ffe6ff03009090980300484ccc01002426e6000012137300008989390080c4c41c004062620e0020313107009098980300484ccc01002426e6000012137300008989390080c4c41c0040625fdfdfdff3874fbebebee68ff8f367e5400144e3051c62aa9113267300008989390080c4c41c004062620e0020b10f7e0062b49f00187cf781d4bc8241100d9e8c267300008989390080c4c41c004062620e0020313107009098980300484ccc01002426e600e01a5f7fcdb76117310700ad4d0df7fd979ee308310700eddc67dcfc293846cc01402d53badd93719c4ecc01c0f9eed3eddefccb701e310700273381a325310700a7f91dc8cdb7a13e31070027f8cd38254763620e000e91715c4bcc01c04e328e08c41c00ec21e30842cc01c0c7a6929b6fc0a5c41c007c46c9118a9803800f2839a2117300b049c938254740620e00b652720424e6000012137300008989390078cfbbe5084bcc01002426e6000012137300008989390080c4c41c00fcf3f5f5357f044988390080c4c41c00fcf3fdfd7dfb57bb66f3672130310700ff517a6e32df86d8c41c00bc567aaec170aedc8570e4083107008bdaf41c1c21e600608d9e23383107006fb80c4a64a163ce9f840088a3ac4a162602329903804dbe6fce4dbaf2ad8cfd3848cc01c02653c3d5483a3842cc01c07b0ff3b3fba4fb35ffda66e5b73c7c5bd8216ecc39c5010865aab7f9c6cd4fd0ddf909ba9bf997a189a031579e09e55931df008030565a6d4abae256743fe65f78a5fc6af9caf9061c1031e69cdf00c4744bb5f72bd4f465c5ade80ceaa82b5ccc293900bab19474163b4ee4072000a0aefba49b944ffe7e000789390068614abac974b3fc57cf719c980380a64ac0fdf65ca1e73848cc01002426e600e04ad370ce7c8eddc41c005cccf5568e10730010829e631f310700ed945c2bd136df78a2e7d841cc0140207a8e4f89390068647d2c07fbc48a39673900c0474ce600a005030b2a11730050dd4725e76d737c44cc01002426e600a0ae1d17580de7d82e59cc9533dbc90dc008f41c1be59bcc7dfa871b00b85009b2dd2b979e630b975901001213730050cb91b1dcc4708eb7c41c0084a6e75827e600a08ae36339d842cc0140748673ac107300703e63399a1173009080e11c4b02c59c3fc400d0072b1a2d99cc01400e8673bc1422e6caa9e90f3100003b98cc01401a86733c0b1173e5d4747602d007d79a686ced847ba8ab06a7e6293d77d676b6df7d80b37805bb4a9b926b732f9ca2c1933156ccbdd5f2f40db8fb001b7905bb4a9b75aae56ac8410d9e8cde330700909898038073189871093107002750725c45cc01002426e6000012137300008989390080c4c41c0064f2f0f79681980380137cdffe5dca36a5e5c766b927e600e01c0d1aabc4a292e381980380d3549dcf55fab664b716f80f274d843f0a944d6ab61901771f6023af6097ab115e1ec78c1a3c19c5dc222f85405e5ec12088064f469759010012137300008989390080c4c41c0040627e006291b70f03793dbc820141f801080000fe43cc01002426e60000121373000089f90188457e00020088cf640e0020313107009098980300482c59cc79e31a00c03d93390080c4c41c004062620e0020313107009098980300484ccc01002426e6000012137300008989390080c4c41c004062620e0020313107009098980300484ccc01002426e6000012137300008989390080c4c41c004062620e0020313107009098980300484ccc01002426e6000012137300008989390080c4c41c004062620e0020313107009098980300484ccc01002426e6000012137300008989390080c4c41c004062620e002031310700909898030048ecebfbfb7bfef0c9d7d7d7fcd1cdca577669f0dd07a08d87e5e62deb110fc4dc223107c0893e8db64f59a78625e6168939000eaa1d702b2c5be310738bc41c003b5c18702f59bfbae7072000e004a5e126f3ed30e6cd8ab7619ce583c9dce0fcc9068067c7d7ca1debcbc13bb5a27546cc6de5d407e0d7be25b2de52126d7b6849cc6de58c07a0f86871bc6aed48b1919c45cc6de55c0718dcf66531ce9291719bf99498dbca590e30ac2d0b62fc65a28fbde0d95acc01c0e0fa0b2049d71f3107002fbc8d9eec0b68f73b380e3107008fd643a7a7a5739c3ded989803807fc68c1b49979a980380d94ad38cb05c0ebefb79893900f82165268e433a620e80d1c997070e482e620e80a12d858bf5d191c9e27ff3ff01603c7a65c5d2415899db710993390006a5e4367a79a01ca538c41c002312281f71b8221373000c479aec60901996f7cc01301625b7cfd2215a8a3c9a1173000c44c91de140c524e6001885923beee5e1329cbb96f7cc013084e7e0b002ee268b43319903a07f4647e7329f0b45cc01d03963a41af45c1c620e809e29b97af45c10620e80b128b913399811883900baf53c25121fa77b3ea486738d893900faa4e49ad173d77af357937830269eff00e988b9965e068303de86c91c001d52728d39bc17127300f446c95de2f920bbbed786980300ce219a2f21e600e88ab15c2886730d7cf60310e33c1f86dd7180ecbc805fce43d098c91c00fdc83b07cabbe56f75bc6b41883900ba6526740987bd31310740274c80c2f2d05425e600e893f9d0851cfc96c41c00509de15c3d620e801e6885680ce79a117300742857499412953eec26e60080164c4f2b117300a4f75009c672411837b621e600e0322eb0729c980300484ccc01905bde77628d30967bd8c1bc0f5664620e80aeb86ac968c41c005cc0bbe5388b980300484ccc01406bc6729c48cc014053a3959c9f81a84dcc0190d84319c48f2433394e27e6000012137300d0c8beb19ceb92ac137300505d09324d4625620e00ea2a19f7fdd7fc29388f980300484ccc01002426e600a096e9ad72aeae52959803802a7edf2a37dfde450bf296980300484ccc01c0f94e99a819cbb185980380d394fc9accb7a13e3107403fe25494891acd883900128bd64c657b26e673bf1e8e433938f3479c44cc01c0f9ee93ae983f0b15883900a8654aba6247cf95df527ee37c0396bd39511e4ebe71ceaa61771c209d2cafd83b7aaee86001b2a4d626e65e73e60164f11c497dbc6897fdea6647e68f6e2ca9a773991580dcba8c835e4b8e1ac41c00d088b15c0d620e0062e9662c471b620e80deb8b4178407a20d3107407ae6582978982a11730010886bac7c4acc01d02117f82ee7216846cc01d003d3ace03c40f5883900fa947132d4cd355663b996c41c009d30fb09cb4353959803a05be6439770d81b137300f4c30428200f4a6d620e809e991235e680b727e600e8caf31c485e5cc858ae013107002194e8cc9e3ebaf912620e80de18ce5de2f9201bcbb521e600e8909e631c620e0038ca58ee42620e803ee51ace956dcb5b3f4aee5a620e806e65e9b9c895f99692bb9c9803602c01cba9d44fd2004a9da1dd107300f4ec6524499053bc3c8c49ab3435310740e7f45c334aee12620e80fee9b9d33d1f3d2577153107c010f4dc89945c28620e8051e8b9e3cae15272d188390046a7e73672a0621273000c6469862453de5a3a44c672971373008c45cfeda0e4221373000ca724c8cb0ad1732fbd3c2c4bc790f6c41c00835aea3949f76be968c8b850c41c00e35a8a123d572c1d0425178d980360682b3d376cd2adecbb920b48cc0130ba954019b0e7567659c9c524e600e02753964ae536a51a22e956f674e5f87039310700b3955e59099d0eacef9d8c0b4ecc01c03fb709d44049b7be47eb478320c41c003c5a2f98f500cae2ed5ec8b82cbede9eaff347370d1ed7202756fb1d0720a0f55569926b8de86f8f081173f7f7b2657b1a9c646d761c8014fa08a03ef6826797c5dcfd77fee8db96dfd8e054abb7e30024b5258626a1568d8d9b6da5cbeb82989bbee7ee6f557e7b8313aec68e03d0818d6d34b96af948b1919ce59a988b7fde883900567c544b93aa4bc98eed29ac6e7d1073af893900b6d85751bff6ad2f97dc296189b9d7c41c00db1dacab662c675df2f7cc01c05125927ecd9f0a63deac9bf953f445cc01c099e66ebaba9ce68d1070037099f5359759013857ed4bb196aa6189b9d7c41c000dec2b3cab12f75ac75c8a922bc41c009082f7cc010024d634e6b28ce50000b230990300484ccc01002426e60000126b1773de300700703a93390080c41ac59cb11c00400d267300008989390080c4c41c0040622d62ce1be600002a31990300484ccc01002426e6000012ab1e73de300700504fdd985372000055b9cc0a009058c59833960300a8ed4d6f95209b3fbaf928ce52c7dc911d07808d1e969b7516235e8a18734b6776cb9358cc0170ae8fba6d3b2b14b1626ebabb97bfeb774bda9cb547761c00260fab496d56ab314589b9e98eb67cfd47df76b7233b0ec0e01e1691f62c5b43a915731f25d7a77d366d55d53375f78e0330ac87b523084b58f72e8eb92359b6f12ef6d9bde3008ce661c9f8c847eb4bb33b22972a31f736b37ebfedc173ebed1dedb66fc70118cac362f1d6e9abc9e51b4004ad636efa86679d4c2b7774d0be1d0760100fcbc48a962bc8c6adb2a875a6e9bf0031b597730880bcca5af6b699a6c56e327faa89f92edfdde9965d20914631379d376f4f2f00086b5acbe61b0bb6b454035b3663cbee9042bbc95c84931b007678db3d533c15f3ed18e66d5addaab7bb467cfea17d0058b325e3e61b51bddd483d975abb98bba5ff3ff3670120aaf505eb6d2145b3bec1eb3b4b648d626e3a81eecdbf000021f59471f7d6375ecf65e4322b003c5a2fb9f9a3cc56924ecfa523e600e03f966a662580925ae939499748e2982be759674f2a00aeb51431b78aeb73c559d9b5978782804ce600e0c752bbf49a71f7f45c6a2963eee7cf4dc672009c67a95ac6596bf45c5eb562ee965b151f7e2507c0599616acd1d61a3d975495982b6743bd274039a5ea7d730046f3b254aa2e64912dedb89e8bacee65568f3d00912d95dcfcd1a8f45c2e1563aec693a19c499e63009c42c9add0738964fa01082507405556997b8e46167563ae9c07a5c04e09792507c0899ed726abccb3e76372ca9aceb9aa4fe6ca7950fc049d871f80189e97a4e76a61f27c642ce8d134bacc7af04952ce1b4f33004ea1453ea5e782cbf49e3900a8c1bc80d4dac55c79aa94909fcc9fdaa67cbda71900a7785e832c315b18ce45d67432574e85c9f63340c90170162577c4f3b1d273415c739975eab9b72741f9024f330080156f6ae9a1b74e4fabf59ebbb0e46aef38008d3daf385edb77701803ba38e6c21273009df1c27e163d178d9f6605a07fcffd01dd10730074ce24e95ccf474f2b5f4bcc01002426e600184be4b1dcd7cd7c2330c3b950c41c003d4b1719592e01bb541d8798036020c1c7720a891dc41c00dd4a3496eba0e45c69bd8a98036014e65ee7723c83107300703117583942cc01d0a72c57fd7a2a39575a2f21e6001842c0602ae993bde40c1423107300d0da6fc689218e13730074a8a4d2fc5130dd675cd823df31310740ff8294539719d7d9ee6424e6000012137300d0c234969b6fc079c41c0054a7e4a847cc01402da5e12643955cd9dff9239a107300f4e62126ae0aa9a9e126f3a73ad5fd0e0627e600e07ca34de3b89098038033958c6b5072d3bdcc37189b98038093b599c999fc31117300709a0633397820e6002019c9c83d310700e768d3584a8e07620e002031310700a7f9fa6bbe0df589390038c7f71d3d4733620e00ce57a9e7caf72cdf79be0137620e00aa987aae46d2c13d310700b5fc5c70fd9b740fe6af80c3de4c6b1fceb6f52feec9b03b0ed087f82fe3bb7b2efebe58341b1373af392f0152ebf565bcec57c07db1685ecb65560080c4c41c004062620e002031310740ff1eded4c5891cdbcb8939003ae43df85771e4db137300008989390086e06a20bd127300f4c9f5be06fc0d731188390080c4c41c00a3c87ea5b56c7fa8d1972bd741883900bae5aa5f4b8ef655c41c004062620e8081b832781647320e310740cf9eaffda990e39e8fa16bac1712730000898939003a6738772e63b968c41c004062620e80fe19ce9dc5582e203107c010f4dc714a2e2631070090989803601486734718cb8525e60018889edbc7518a4ccc01303aa5b283b15c1c620e80b1a8904fb9c01a9c980360382eb66ea7e4e21373008c48cf6de198a420e6006016bc5d1a8fc45e1e0d63b980c41c00837ad9256651132597889803605c7aee2525978b980360684b3d376cd229b974c41c00a35b2a95d17aee56b04a2e1f3107007a6e714f955c7c620e007e8cdc734a2e35310700b3d22e2ff3a5b44eaf49b7b26b4a2e8baff587aad773f7534e6880a10cd23732ae0f267300f068a9667ea6585d8c39567644c9a523e600e08595a65929a1f8d6375ec965e432eb264e6e8061ad2f858916886e768407267300b0e6edd4633d922278bb914a2eb53793390060f236da022ea919b7994f893900f8c0db3c2a2e5f5b536c2467117300f0b12db554345e64636e15b5893900d869633c4d2a2db811b6816b89390038e4a39cbaf7e912bcfb8e0acb7dc7c41c009ce048695565a1ef9e9803803305a93aebfb38c41c00d4d238ecace963127300d042a5b0b38e23e600e0329f169e559b67620e002031ff362b004062620e0020313107009098980300484ccc01002426e6000012137300008989390080c4c41c004062620e0020313107009098980300484ccc01002426e6000012137300008989390080c4c41c004062620e0020313107009098980300484ccc01002426e6000012137300008989390080c4c41c004062620e0020313107009098980300484ccc01002426e6000012137300008989390080c4c41c00405a7ffefc1ff200271bd8d1b4c10000000049454e44ae426082, 5, 'labovic23'),
(21, 'Tramvaj', 'It represents a bastion of quality music and live club music.Atmosphere in the club Tramvaj Pub is always unique,and the energy extremely positive.Tramvaj Pub,cult Belgrade club, is located in Roosevelt Street,near The Vuk Monument in the center', 'pub', NULL, 8, 'Danilo Lalic'),
(22, 'Dolce Principessa', 'The sweetest edition of the whole planet in the center of Dorcol. This is a unique pastry shop that is impossible to miss. And it is not desirable to go through the city without stopping at the address where each woman becomes a princess.', 'cafe', 0x89504e470d0a1a0a0000000d4948445200000344000001c60802000000db9cdc83000000017352474200aece1ce90000000467414d410000b18f0bfc6105000000097048597300000ec300000ec301c76fa86400000f3f49444154785eeddded7aa2c81a86d1719fff39bb2b52e374fb1505a4de07d6fad1a326d357baa08a1b30c9e97c3eff030040a6fff5ff02001048cc01000413730000c1c41c004030310700104ccc01000413730000c1c41c004030310700104ccc01000413730000c1c41c004030310700104ccc01000413730000c1c41c004030310700104ccc01000413730000c1c41c00403031070010ec743e9ffb4300b8389d4efd11f0449d822a1d735613a8c6e9dfbe59756186e10b63c598b39a407daa6e672cbcb0d0c055b156cc594d208ba4db076b2fac65c8aa5828e6ac26104ad245b3f6c2bab65f12abc49cd504a2e9b944af175edb145e28357dc6c79cd5045298ad3bf36c83da94f0be0af3a86ecc594da02cd376071e6e445b10e6193ba106c79cd5047299bfb96c3b58ddc06935f23740584d20dac3d9fa705e538ab517be61e092382ce6ac26b0037a6e1facbdb08a5153a9d0ef66b59a40223337cb7d6adb82b0a2fb09b5c1f9ed9898b39ac09e0c59bc009814ba3207c0c69c48c3eab69f562562ce6a02e9cce208ae98c210df9e7a0362ce6a024760a6d727c1e14b369e5ce3afcc594d601fcc658021bc670e0020989803000826e60000828939008060620e0020989803000826e60000828939008060620e0020989803000826e60000828939008060620e0020989803000826e60000828939008060620e0020989803000826e6000082893900a8eef448ff188727e600a0a85e6da7d3f991fe491c9e9803808afe6cb8fe123cf2b3a3f4875b697b677f74611f1d6b5a2ca607d32bbfb2c978c6ec2ece064a316d291b28da96d34dccf1b345da5698feec2fbd6495e119b3bb381b28c2fbab31956d39dddc66e5670fbbd9e75eb3ca007c8992630631c78f4fd78e4ffb0f805f2939e6117374539f493480ed4dcbaf92631e31c77fda3af27ed24d9fd99f0030cbb4e44ecb6f7f093e24e6b8352d28420d601b328e85c41c0fbcb9b2b44fd37c00b34dd7e4fa13984bcc01000413732ce2e21cc00c6de574598eb58839001840c9b11631c7522ece01c040620e0036e5062beb12730000c1c41c2b70a715004611730000c1c41c004030310700104cccb10e6f9b038021c41c8f4d7176af7f1800a841ccf154ebb97bbde92efae70100e388393ed39beea237dd45ff3000b02d31c77cbde92e5acf4d7ff68f01009b1073ac43c901c010628ed5b49e6b7ffedc73557500b01531c7ca7eeeb9fef176bafe2a00f01d628eaf9892aee94df7b7fe4900c062628eefea4df7b7de74aa0e001613730cd09b4ed501c062628e917ad3fd5b75fd5500e06d628e12ae49d79f03ecd79fcbdde54cf681e9a3f08e9f1ff4da1f6ee5661fddfe0be07bdac65db84197ff0d0c6476176703d5715deb9e2d7a371beb215bb0b22da79b98634dcf56a58facf2973084d95d9c0d54caf2b56edaa0b6634d5b4e37b75929a7edf16d0e5cf55701f85b5b2d2d9834628e8aa615aae9cf0176a72d71abe4d7b45a4e24dd31893900d80949774c628ed2a655a93f01e00d6de5ec8f38063147694a0ed831e7abac42cc519d534c007841cc51573b61557200f09a98a3a296714a0e3882d5efb45a3f0f48cc51cb7519b21201cc63fd3c1a314721320e38a0b6e8b5d5af3f81cf8939d6347b49fab91ce7be00c00216d2c31273ac6c46cf4dab8f050860210be931893946ba9c463a8f048eae2d836d31ec4f66b1961e9998637dd3aaf470619a5ebf6a9f69f50158685a4efb138e67c0e66ffb5c7f7461ffdbab9b0d3db1b9f7cdec2ece062a6e5e93cdfbbff8b62da79b2b737c4bdb71eff58f0170a72d92370500ef10730010a9955fe33c1931070055bc73716e6ab8e6e77e879243cc0140906bc335fd250e4fcc014021add25ab1f5277fb85c8c73539507c41c009433a5db9f2e17e3941c0f883900a865eab61bfd637047cc01000413730000c1c41c004030310700104ccc01000413730000c1c41cc0419dfc4e77f88e8d27979803380a3fab0c86f8f6d41b1f734e0d611fcc65802106c49c53433802333d820487d56d3faddc66053890fbc8d673b0a2fb09b5c1996d8998b394403ab3389acd07ab183595c6c49c5343d893fbf9eb1e6b650fb78e4518167a3889b6590c0bdd66b59440223337919e83750d2cb9e634f0047aecbf1c58ce2ccef522dd6c4178dfb3a9b4e53c1a19738d2301e4327fd3bde8b9c6a684d7eacca08a3137b18e4059cf66ae699be8f50109f8d4f62be1e0986b9c1a4210137697f41cac65c832383ee62696128826e3d2598461a181cb6095986b2c25104ac9ed867518e619bb0c168ab9c63a025964dc5e598de157852e87155c8b2d221041c901545031e6ae541d5423e000aa291d730000bc56e8d7790100f029310700104ccc01000413730000c1c41c004030310700104ccc01000413730000c1c41c004030310700104ccc01000413730000c1c41c004030310700104ccc01000413730000c1c41c004030310700104ccc01000413730000c1c41c004030310700104ccc01000413730000c1c41c004030310700104ccc01000413730000c1c41c004030310700104ccc01000413730000c14ee7f3b93f2cec743af5475c446c35006003a5634ec3fd4ad501c0c1158d3919f711490700875531e694dc3c920e000ea8dc374028b9d90c1d001c50a12b73af5bc465a72b0305005c05c49c3a79c68801005562ee6197889277183a0038b212ef9993234b3c1ca86717ed00809d191f734a6e393d07008755f1d77929b9190c1a001cd3e0f7ccdd5f3d12254b184f00667033e757958fa77ed13e001c546bb8497fce737da44a8e55ad98731969210308c03bca76497d05876e64ccd98d36609001b8e1d0b0dc4fd09519c64257e65c555a856104e00525b7a2228339f21b206e864085acc5c00270ef75793858bc507ce87c0304001c5a6b1125f7da34444d7ffeb7e1d7e7c41c00ecdfc3e07811283cf46cc4c6f69c9803809d7b5672fd111faad673620e00f64cc97d43a99e137300702c4a6e15758651cc01c06edd5f2b52722bba1fcc2117e7c41c00403031070047e1b2dcea2a0ca99803807d1af8fd9547b6fdb08b3900380497e5be64f8c08a39008060620e0020989803000826e60000828939008060620e0020989803000826e60000828939008060620e0020989803000826e60000828939008060620e0020989803000826e60000828939008060620e0020989803000826e60000828939008060620e0020989803000826e60000828939008060620e0020989803000826e60000828939008060620e0020989803000826e60000828939008060620e0020989803000826e60000828939008060620e0020989803000826e60000828939008060620e0020989803000826e60000828939008060620e0020989803000826e60000828939008060620e0020989803000826e60000828939008060620e0020989803000826e60000828939008060620e0020989803000826e60000828939008060620e0020989803000826e60000828939008060620e0020989803000826e60000828939008060620e0020989803000826e60000828939008060620e0020989803000826e6000082893900806062ee95d3e9d41f01009424e60000828939008060620e0020989803000826e600805a7c03e247c41c00403031070014723a9dcee7737fc21bc41c00403031070054e1b2dc0c620e002098987bcac901006cc991771e310700104ccc01000413730000c1c4dc636edb03c0961c796713730000c1c41c004030310700104ccc01008379c3dc1262ee01bb14009042cc01000413730000c1c41c00309277372d24e66ed9a5008020620e0020989803008671436c39310700104cccfdc5f901009045ccada025607f0400b02d3107008ce186d82ac4dc7fec5200401c310700104ccc0100032cbf21e63deb1331d7cddea5dc9c05000612730000c1c41c00b035f7b55624e67ed8a500208b63f7959803000836b26a5b53f7471775be92775cbfda8267067506168081ca1e0e961f3aab1d7cc70eb5989be3e62bff53857f45eec002b0a2b28783f6852dfc6296ff0deb1a3bd46eb3ced136d2d5fd530080cd883900603bd52eaaed80985bc41e09001b73f0bd21e60000828939008060620e0020d8c8bbce63bf8f7715356fdbef60600158aee6e1e0e6abfaaacdfec963875acc2dd2fe0905bfec1d0c2c00cbedf57050f0e03b76a8dd66050062d4bc8c3296989bcffe04000c27e60000828939008060620e0020989803000826e600008289b9997c2b2b0050819803000826e60000828939008060620e00c8e00deb0f8939008060620e0020989803000826e6e670cf1e002842cc01000413730000c1c41c004030310700104ccc01000413730000c1c41c0010c0cf057b46cc01000413730000c1c41c004030310700104ccc01000413730000c1c41c004030310700104ccc01000413730000c1c4dcc7fc3a1100a00e310700104ccc01000413730000c1c41c004030310700104ccc01000413730040757e2ed80b620e0020989803000826e6000082893900806062ee63de800900d421e60000828939008060620e0020989803000826e6000082893900a03a3f4ae205310700104ccc01000413730000c1c41c004030310700104ccc01000413730000c1c41c004030310700104ccc01000413730000c1c41c004030310700104ccc01000413730000c1c41c004030310700104ccc01000413730000c1c41c004030310700104ccc01000413730000c1c41c004030310700104ccc01000413730000c1c41c004030310700104ccc01000413730000c1c41c00403031070087703a9dfa2356357c60c51c00ecd3f97cee8fd8d0f6c32ee6000082893900380a775a575761480bc59c3d6c15861180abfb5b7e0e132bba1fcc21b7b647c69c7bf91b30c800dcd073aba8338c6eb302c09e3d3cabd7730b3d1cc05117506ac59c7d6b210308c03d3db7ae5225d79c86df86bb1f91e15f52282309c0332fd2cdc1e27dcf8671ec1856bccdfa6287e3198306c00b2f6aa31d411c447e557994c65f996b1e8e8e1385f7194000de54b648425538da96b832f77020ec6d6f527200bccf0162454506b3c495b9e645bad9ed9e793668460c80d75c3159a8d4a1b64acc35af772c81f2276305c072926e9e6ac7d9423137b1632d21e30098c1c1f757958fb0e562aeb14bcda3e400e0802ac65ca3e73e22e300e0b08ac6dc44d2bd43c901c091958eb92b557743c00100938c980300e0a18abfce0b0080378939008060620e0020989803000826e60000828939008060620e0020989803000826e60000828939008060620e0020989803000826e60000828939008060620e0020989803000826e60000828939008060620e0020989803000826e60000828939008060620e0020989803000826e6000062fdf3cfff01f72464305d05c68d0000000049454e44ae426082, 4, 'Danilo Lalic'),
(23, 'Madera', 'Madera is located in the metropolitan area with a long history.The story goes that the restaurant got its name as one of the regular guests brought a great wine from the Portuguese island of Madeira.', 'restaurant', NULL, 18, 'Danilo Lalic'),
(24, 'Central', 'Opened in late 2017 and created in an authentic modern style. Beer lovers have recognized this location as a modern concept where every stay is perfect in a short time.', 'pub', NULL, 9, 'Danilo Lalic');
INSERT INTO `service` (`SerId`, `Name`, `Description`, `Type`, `Draft`, `NumOfPoints`, `UserName`) VALUES
(25, 'Voulez-Vous', 'This restaurant is situated in Neimar. The cosmopolitan spirit is present in attractive design and specific interior. Mediterranean chic is in the forefront of the menu. Exclusivity and simplicity, nature and the city, grandiosity and modesty', 'restaurant', 0x89504e470d0a1a0a0000000d4948445200000344000001c60802000000db9cdc83000000017352474200aece1ce90000000467414d410000b18f0bfc6105000000097048597300000ec300000ec301c76fa86400002c0649444154785eedd6d162eb280204d1fdff9f9ebd31d5b21227920d0809bbcecbec345882269ae57fff499224695a5ee624499226e6654e922469625ee624499226e6654e922469625ee624499226e6654e922469625ee624499226e6654e922469625ee624499226e6654e922469625ee624499226e6654e922469625ee624499226e6654e922469625ee624499226e6654e922469625ee6aeee7f922e868f5392aec1ff2a5d1dffef21e932f8388fc7fb24bd17bef07ebccc5d1d272fe932f8388fc7fb24bd17bef07ebccc5d1d272fe932f8388fc7fb24bd17bef07ebccc5d1d272fe932f8388fc7fb24bd17bef07ebccc5d1d271fa49206e2f30bd2e3f13e49ef852fbc9fca27b21c35a0ca3dcc0e524903f1f905e9f1785f904a9a0ddf7090f653f94496a30654b987d9412a69203ebf203d1eef0b5249b3e11b0ed27e2a9fc872d4802af7303b48250dc4e717a4c7e37d412a69367cc341da4fe513598e1a50e51e6607a9a481f8fc82f478bc2f4825cd866f3848fba97c22cb5103aadcc3ec209534109f5f901e8ff705a9a4d9f00d07693f954f643941aa4d9415a47b981da49206e2f30bd2e3f1be2095341bbee120eda7f2892c2748b589b282740fb38354d2407c7e417a3cde17a49266c3371ca4fd543e91e504a936515690ee6176904a1a88cf2f488fc7fb8254d26cf88683b49fca27b29c20d526ca0ad23dcc0e524903f1f905e9f1785f904a9a0ddf7090f653f9449613a4da445941ba87d9412a69203ebf203d1eef0b5249b3e11b0ed27e2a9fc87282549b282b48f7303b48250dc4e717a4c7e37d412a69367cc341da4fe513594e906a136505e91e6607a9a481f8fc82f478bc2f4825cd866f3848fba97c22cb09526da2ac20ddc3ec209534109f5f901e8ff705a9a4d9f00d07693f954f643941aa4d9415a47b981da49206e2f30bd2e3f1be2095341bbee120eda7f2892c2748b589b282740fb38354d2407c7e417a3cde17a49266c3371ca4fd543e91e504a936515690ee6176904a1a88cf2f488fc7fb8254d26cf88683b49fca27b29c20d526ca0ad23dcc0e524903f1f905e9f1785f904a9a0ddf7090f653f9449613a4da445941ba87d9412a69203ebf203d1eef0b5249b3e11b0ed27e2a9fc87282549b282b48f7303b48250dc4e717a4c7e37d412a69367cc341da4fe513594e906a136505e91e6607a9a481f8fc82f478bc2f4825cd866f3848fba97c22cb09526da2ac20ddc3ec209534109f5f901e8ff705a9a4d9f00d07693f954f643941aa4d9415a47b981da49206e2f30bd2e3f1be2095341bbee120eda7f2892c2748b589b282740fb38354d2407c7e417a3cde17a49266c3371ca4fd543e91e504a936515690ee6176904a1a88cf2f488fc7fb8254d26cf88683b49fca27b29c20d526ca0ad23dcc0e524903f1f905e9f1785f904a9a0ddf7090f653f9449613a4da445941ba87d941aae13880663c4e53e1f082f478bc2f4825cd866f3848fba97c22cb09526da2ac20ddc3ec20d558bd9af7042775fbf8ee488fc7fb8254d7c0a9f4c373f58e38e320eda7f2892c2748b589b282740fb38354a358bbfe297f060bd2e3f1be20d5d93c0ebdaafccd2c48fba97c22cb09526da2ac20ddc3ec20d51016aea27c7d0bd2e3f1be20d5793c08d5297f390bd27e2a9fc87282549b282b48f7303b487524bab66d057f10417a3cde17a41a8e03f008548b3fa020eda7f2892c2748b589b282740fb3835487b1643d2a5fdf82f478bc2f483590cdab8bf287b420eda7f2892c2748b589b282740fb3835487b1643d2a5fdf82f478bc2f487530eabe2192daf0f714a4fd543e91e504a936515690ee617690ea0036acbf94bf8d05e9f1785f90ea30f6ac83943fad05693f954f643941aa4d9415a47b981da4eacd6eb5a17c7d0bd2e3f1be20d5316c58c7299ff082b49fca27b29c20d526ca0ad23dcc0e527565b1da56bebe05e9f1785f90aa37ebd5d1cadfd882b49fca27b29c20d526ca0ad23dcc0e527565b1da56bebe05e9f1785f90aa2b8bd500e5135e90f653f9449613a4da445941ba87d941aaae2c56dbcad7b7203d1eef0b527562ab1aa6fcb12d48fba97c22cb09526da2ac20ddc3ec20555716ab6de5eb5b901e8ff705a97ab04f8d543ee105693f954f643941aa4d9415a47b981da4eac756b5ab7c7d0bd2e3f1be205533cbd460e5135e90f653f9449613a4da445941ba87d941aa7e6c55bbcad7b7203d1eef0b52b5b1498d573ee105693f954f643941aa4d9415a47b981da4eac756b5ab7c7d0bd2e3f1be2055036bd429ca27bc20eda7f2892c2748b589b282740fb38354fdd8aa7695af6f417a3cde17a46a608d3a45f98417a4fd543e91e504a936515690ee617690aa1f5bd5aef2f52d488fc7fb82540dac51a7289ff082b49fca27b29c20d526ca0ad23dcc0e52f563abda55bebe05e9f1785f90aad6931d96b637304f7a1a7f3a41da4fe513594e906a136505e91e6607a9fab155ed2a5fdf82f478bc2f48556bb7c3277b7e729ab4287f330bd27e2a9fc87282549b282b48f7303b48d54f75abe544fec224bd050e35488fc7fb8254b5feeab0d4fb0ffffe1c7e13a4d26ff82b09d27e2a9fc87282549b282b48f7303b48d54f5dabbbbfba1d97e7f526ca692e488fc7fb8254b57eedb057b1b723029114fc6504693f954f643941aa4d9415a47b981da4eaa7a2d5e77fe291bd87af6f6f85f478bc2f4855ebb1c3835abd1d97e7a5bbf227b120eda7f2892c2748b589b282740fb383549d5454fad24f3cb2f7f0f5edad901e8ff705a96afde8f0e8560f7db8e652fed816a4fd543e91e504a936515690ee617690aa93572b3d7abeaee9ebdb5b213d1eef0b52d55a7738a64f4f4dc5d707bc42da4fe513594e906a136505e91e6607a93a79a9d2bafe3db537f0f5edad901e8ff705a96a2d1d8e2cd383d33f5f1ff00a693f954f643941aa4d9415a47b981da4eae4a54aabfbf7e066f7f5edad901e8ff705a96a950ec737e9d9e9eb035e21eda7f2892c2748b589b282740fb383549d3c5f694bf91edcecbebebd15d2e3f1be2055adb36af4ec54fef616a4fd543e91e504a936515690ee617690aa93e72b6d29df839bddd7b7b7427a3cde17a4aa75568d9e9dcadfde82b49fca27b29c20d526ca0ad23dcc0e5275f264a58dcd7b70b3fbfaf656488fc7fb8254b54eacd1e3fb70e56f6f41da4fe513594e906a136505e91e6607a93a79a6d2f6da3db8d97d7d7b2ba4c7e37d41aa5a2776e8f17db8db177c47da4fe513594e906a136505e91e6607a9fad96eb54be71edcecbebebd15d2e3f1be2055ad133bf4f83edced0bbe23eda7f2892c2748b589b282740fb38354fd6cb4daab700f6e765fdfde0ae9f1785f90aad6b91d7a829fecf605df91f653f9449613a4da445941ba87d941aa7efe6ab563db1edcecbebebd15d2e3f1be2055ad733bf4043fd9ed0bbe23eda7f2892c2748b589b282740fb38354fdfcda6adfaa3db8d97d7d7b2ba4c7e37d41aa5ae776e8097eb2db177c47da4fe513594e906a136505e91e6607a9ba7a2cb6b4bdc64095c69feb74e56f60417a3cde17a4aa756e879ee027bb7dc177a4fd543e91e504a936515690ee617690aab743bbf5e06677fbf8ee488fc7fb82540d4eacd113fc64b72ff88eb49fca27b29c20d526ca0ad23dcc0e521de0b87a3db8d9dd3ebe3bd2e3f1be205583136bf4043fd9ed0bbe23eda7f2892c2748b589b282740fb38354c738a8640f6e76e50f63417a3cde17a46a7356939ee027bb7dc177a4fd543e91e504a936515690ee617690ea48dd7bf6e06677fbf8ee488fc7fb8254cd4e29d313fc64b72ff88eb49fca27b29c20d526ca0ad23dcc0e521dac6fd51edcec6e1fdf1de9f1785f90aa87f17d7a829fecf605df91f653f9449613a4da445941ba87d941aae3f56adb537b03b78fef8ef478bc2f48d5c3f83e3dc14f76fb82ef48fba97c22cb09526da2ac20ddc3ec20d5105d3af7d4de40f94b58901e8ff705a93a19dcaa27f8c9ca1fdb82b49fca27b29c20d526ca0ad23dcc0e520d44f555e5d7fd4a5753fe0016a4c7e37d41aaae8615eb097eb2db177c47da4fe513594e906a136505e91e6607a9cec0193c60f837dba39a4539e805e9f1785f90aab731dd7a829fecf605df91f653f9449613a4da445941ba87d941aa2bf9eb683cafb7518e78417a3cde17a43ac0d1f57a7c1feef605df91f653f9449613a4da445941ba87d941aaebe1845618d0fc38d1203d1eef0b521de3b8923d3b95bfae05693f954f643941aa4d9415a47b981da49206e2f30bd2e3f1be20d591baf7ecc1e99fdb177c47da4fe513594e906a136505e91e6607a9a481f8fc82f478bc2f4875b08e557b6a2a6e5ff01d693f954f643941aa4d9415a47b981da49206e2f30bd2e3f1be20d5f168bc198fd3c7e30f2248fba97c22cb09526da2ac20ddc3ec209534109f5f901e8ff705a9a4d9f00d07693f954f643941aa4d9415a47b981da49206e2f30bd2e3f1be2095341bbee120eda7f2892c2748b589b282740fb38354d2407c7e417a3cde17a49266c3371ca4fd543e91e504a936515690ee6176904a1a88cf2f488fc7fb8254d26cf88683b49fca27b29c20d526ca0ad23dcc0e524903f1f905e9f1785f904a9a0ddf7090f653f9449613a4da445941ba87d9412a69203ebf203d1eef0b5249b3e11b0ed27e2a9fc87282549b282b48f7303b48250dc4e717a4c7e37d92de0b5f783f954f643941aa4d9415a47b981da49206e2f30bd2e3f13e49ef852fbc9fca27b29c20d526ca0ad23dcc9674197c9cc7e37d92de0b5f783f5ee6c6a1ac20ddc36c4997c1c7793cde27e9bdf085f7e3656e1cca0ad23dcc9674197c9cc7e37d92de0b5f783f5ee6c6a1ac20ddc36c4997c1c72949d7e0656e1cca0ad23dcc9674197c9c92740d5ee6c6a1ac209524496ae0656e1cca0a524992a4065ee6c6a1ac209524496ae0656e1cca0a524992a4065ee6c6a1ac209524496ae0656e1cca0a524992a4065ee6c6a1ac209524496ae0656e1cca0a524992a4065ee6c6a1ac209524496ae0656e1cca0a524992a4065ee6c6a1ac209524496ae0656e1cca0a524992a4065ee6c6a1ac209524496ae0656e1cca0a524992a4065ee6c6a1ac209524496ae0656e1cca0a524992a4065ee6c6a1ac209524496ae0656e1cca0a524992a4065ee6c6a1ac209524496ae0656e1cca0a524992a4065ee6c6a1ac209524496ae0656e1cca0a524992a4065ee6c6a1ac209524496ae0656e1cca0a524992a4065ee6c6a1ac209524496ae0656e1cca0a524992a4065ee6c6a1ac209524496ae0656e1cca0a524992a4065ee6c6a1ac209524496ae0656e1cca0a524992a4065ee6c6a1ac209524496ae0656e1cca0a524992a4065ee6c6a1ac209524496ae0656e1cca0a524992a4065ee6c6a1ac209524496ae0656e1cca0a524992a4065ee6c6a1ac209524496ae0656e1cca0a524992a4065ee6c6a1ac209524496ae0656e1cca0a524992a4065ee6c6a1ac209524496ae0656e1cca0a524992a4065ee6c6a1ac209524496ae0656e1cca0a524992a4065ee6c6a1ac209524496ae0656e1cca0a524992a4065ee6c6a1ac209524496ae0656e1cca0a524992a4065ee6c6a1ac209524496ae0656e1cca0a524992a4065ee6c6a1ac209524496ae0656e1cca0a524992a4065ee6c6a1ac209524496ae0656e1cca0a524992a4065ee6c6a1ac209524496ae0656e1cca0a524992a4065ee6c6a1ac209524496ae0656e1cca0a524992a4065ee6c6a1ac209524496ae0656e1cca0a524992a4065ee6c6a1ac209524496ae0656e1cca0a524992a4065ee6c6a1ac209524496ae0656e1cca0a524992a4065ee6c6a1ac209524496ae0656e1cca0a524992a4066f7599bbce4a7e55ba5a904a922435f032374ee96a412a4992d4e07d2e7365191759ccaf6e55dd914a922435f03237ceadaa3b524992a4066f72995bd67085c5fce556d51da9244952032f73e3dcaaba239524496ae0656e9c5b5577a49224490ddee132b75e4097c5dcf6d47f53e5b10b524992a40695570aee23417a92f502da17539ef0b5abdefb2acf5c904a922435a8bc52701f09d233fc787be362d63fefbeaf7f0f5c239524496a5079a5e03e12a4c33dbeba65313f7efbb5b1ae5b2b0f5c904a922435a8bc52701f09d2e11e5fddb298be4f7bf4ef696ba49224490d2aaf14dc478274ac5fdfdbb298ee0ffce1dfa3d6482549921a545e29b88f04e9407fbdb46531ebdf2effbbe3eefe3d6a8d549224a941e59582fb48900ef4d74b5b16b3feed5fffbbc5bfe7ac914a922435a8bc52701f09d25136ded8b298e5b73f1ed26b83ff9eb3462a4992d4a0f24ac17d244847d97863cb6296df3e3ea4cb1eff3d648d549224a941e59582fb48900eb1fdba96c594dffefa842e7bfcf79035524992a40695570aee23413ac4f6eb5a16537efbd713dab7f9ef096ba49224490d2aaf14dc4782f478bbef6a59cc6d2b7ffebce5c94579fe82549224a941e59582fb48901eec9917352e66fbe7ed0f5f239524496a5079a5e03e12a4077be6452d8b19f0fc35524992a40695570aee23417aa427dfd2b298677edbf8fc3552bd118e760fb3256912fcc7eb09fc406355f6cea105e9619e7f45f562c6bc628d54d3e2207be089927401fc87a9131eaa23cd712f79fe15d58b19f38a3552cd86f33b06efd047e28fe075fc5e6ac01fd3c178997a9be05ef2d2f3ab17f3fc0f5b5eb146aa49706ca3f056bd23cef878bc4ffa1b7f2bc3f17a7532c1bde4a5e7572fe6f91fb6bc628d54d7c6699d877568669ce5d9588d74c39fc5a9588a9a4d702f79e9f9d58b19f0967fbf5a23d555714eafe0977b98fd0a7ea979707257c52af591f8237805bf7c023f7805bf5483ca123981203dc64bcfaf5ecc80b7fcfbd51aa9ae87137a023f68c3b39ec00f74611cd53c58b73e03a7fe047ed08cc73d811fa84a657d741fa4c778e9f9d58b79f587152ffaf79335525d0967b389a9c7e01d9b98aacbe0609af1b8d7f1fb663c4eef8833dec4d4c3f09a4d4cd58b2a8ba3f5203dc0ab0faf5bcc985ffd9bbf46aacbe060fec0a45178eb1f98a4b3711eafe3f707e3652fe2c77a179cebdf9837102ffe1bf3f4b4cacae83b480ff0eac3eb1653bd85977ef86ff21aa92e8023f90393cec00afec0249d8133781a3f3b0feb7805bfd4cc38cb3f30e9242ce20f4cd2732afba2ec20edade2c9758ba9dec24b3ffc37798d5467e33c7ec38cb3b19adf3043a3d0fb73f8cd25b1c427f003cd86f3fb03932e8005fd8149da53d9143507696f154fae5b4ccb169effedbf996ba43a1587f180e12b61650f18d6c1a87b0fb3e7c1baf7305b93e0d87ec38c8b6171bf61863655d644c741da5bc593eb16d3b285e77ffb6fe61aa9cec3493c60f87a58df6f98a10350f126a6ce8c9d6c62aaae8dd37ac0f085b1d0070ceb6f951d517090f656f1e4bac5346ee1c99fff9bb646aa3370060f18be36d6fa8061f543b39b98fa2ed8d526a6ea7a38a1df30e3f258ee6f98a1df54b643b541da5bc593eb16d3b885277ffe6fda1aa986e3001e303c0356fc8061f540a77f60d2fb629f7f6092ae84b379c0f05458fa0386f5a0b21a7a0dd2de2a9e5cb798f62d3cf3847f73d6483516ed3f60781eacfb01c36a40957f60d26760cf7f60922e802379c0f084d8c00386f55d652f941aa4bd553cb96e31ed5b78e609ffe6ac916a20aa7fc0f084d8c0778ca90a25fe86199f87fdff86193a1587f180e169b18d070c6ba5b2141a0dd20ba85b4cfb169e79c257532ba41a85debf636c66ece43bc6f40abafb03933e1845fc86193a0367f01d636f812d7dc798a2b211ea0cd20ba85b4cfb169e79c257532ba41a85de5718981ffbf98e313d87d67ec30cd9d22571002b0cbc1136f61d63baa9ac832e83f402ea16d3be85679ef0d5d40aa986a0f41506de05bb5a61404fa0b2070ceb3bda79c0b006a2faef187b2fec6d8501dd54d64197417a01758b69dfc2334ff86a6a8554c7a3f11506de0b7b5b61409b28eb01c3fa0d1d3d60584350fa778cbd1db6f71d63fad70fff7c114506e905d42da67d0bcf3ce1aba915521d8cbabf63ecbdb0b7ef18d36fe8e801c3da435f0f18d691e8fa3bc6de149bfc8eb18f5759042d06e905d42da67d0bcf3ce1aba915521d89aebf63ec1db1c3ef18d377b4f380613d87d61e30ac63d0f2778cbd35b6fa1d639fadb2052a0cd20ba85b4cfb169e79c257532ba43a125daf30f0bed8e70a035aa19a070ceb1574f780611d808a5718f8006c788581cf56d9021506e905d42da67d0bcf3ce1aba915521d86a257187877ec768501dd50ca0386558512bf634c5d51ee0a031f836daf30f0c12a2ba0bf20bd80bac5b46fe199277c35b542aa63d0f20a039f813daf30f0f1a8e33bc6d48636bf634cfdd06c907e1836bfc2c0a7aadc3fe505e905d42da67d0bcf3ce1aba915521d83965718f80cec7985818f471d2b0ca8073a5d61409d50eb0a031f86cdaf30f0a92af74f79417a01758b69dfc2334ff86a6a855407a0e215063e093b5f61e08351c40a03ea8766571850330a5d61e024e72ea034b0c6c047aadc3ccd05e905d42da6710b4ffefcaba915521d808a83f4f3b0ff20fd54b4f01d63ea8a725718501bda5c61e024e72ea034b0c6c047aadc3ccd05e905d42da6710b4ffefcaba91552f546bf2b0c5cc6b0559517ad31f079d8ff778ccde9ca5b286bfb813135a0ca203dcfe96b283dac31f0792a774e6d417a01758b69d9c2f3bffd6a6a8554bdd16f905ec6e05595d72d483f0ffb5f61606657de4529798d01d5a2c715064e72fa028a52c582f4f354ee9cda82f402ea1653bd85dbee9ffd6d99bc20556ff41ba457327255a58435063e093b5f61607217df48a97a8d0155a1c4203dcf15d6f04f696341fa792a774e6d417a01758b19f3abafa65648d515e506e9c50c5e58a96241fa49d87990ceeffa7b29852f48f53a1a5c61e024a72f6051da5863e0c3546e9bce82f402aa17f3ea0f2b5ef4d5d40aa9baa2dc20bd92f1ab2a552c483f06db5e61607ed7df4b297c8d01bd88fa82f43c5758c3a274b220fd3095dba6b320bd80eac5bcb491bab794572c48d50fcdae307025e35755aa5863e003b0e11506dec214db29b5af31a057d05d909ee70a6b58944e16a41fa672db7416a417d0b898b29d5dcc7e113f0e52f543b3417a2567adaa14b220fd006c788581b730c5764aed6b0ce86914b7c2c079aeb08645e9648d814f52b9670a0bd20bb8d4627e285d2d48d50fcd06e9659cb8a452c882f403b0e1207d17b3eca894bf20d5d3282e484f7591652c4a330bd24f52b9670a0bd20bb8d4627e285d2d48d50fcd06e9359cbb9e52c81a036f8dadae30f02e66d951297f8d013d87d682f43c5758c30fa59905e927a9dc338505e9055c6a313f94ae16a4ea845a83f4324e5f52a96541fad6d86a90be8bb976548e6041aae7d05a909ee4f405fcaa34b320fd24957ba6b020bd804b2de687d2d582549d506b905ec315d6536a5990be2ff6b9c2c0bb986b47e508d618d013a82c484f72fa027e559a59907e92ca3d5358905ec0a516f343e96a41aa4ea83548afe1a5f51cb4f85b2b77a4ef8b7d06e9bb987147e52016a4da435f417a92d317b0a1f4b320fd18951ba6ad20bd804b2de687d2d582549d506b905ec0ab8b3968f1b756ee48df17fb0cd27731e38eca412c48b587be82f424a72f6043e96741fa312a374c5b417a01975acc0fa5ab05a93aa1d620bd80571773d0e26fad7cc3c09b629341fa2e66dc51398805a9f6d057909ee1dcb7ef2afd2c483f46e586692b482fe0528bf9a174b520550f741aa41750b198e3d67febe68ef44db1c9207d1733eea81cc482547be82b48cf70eedb77957e16a41fa372c3b415a41770a9c5fc50ba5a90aa073a0dd20ba858cc71ebbf757347fa8ed86190be914937558e6341aa4d9415a4c39df8ea27957e16a41fa372c3b415a41770a9c5fc50ba5a90aa073a0dd2b3d5ade4b8f5dfbab9237d47ec3048dfc5bc3b2ac7b120d526ca0ad2e14e7cf5934a3f0bd28f51b961da0ad20bb8d4627e285d2d48d5039d06e9d9ea5672dcfa6fdddc91be237618a4ef62de1d95e358906a136505e97027befa49a59f05e9c7a8dc306d05e9055c6a313f94ae16a4ea814e83f43c2dcb386efd65550bd277c40e83f42d4cbd9d721c0b526da2ac201deec4573fa9f4b320fd18951ba6ad20bd804b2de687d2d582543dd069909ea7650dc7adffd6cd1de93b628741fa16a6de4e398e05a9365156900e77e2ab9f54fa59907e8cca0dd356905ec0a516f343e96a41aa1ee834484fd2b880e3d67febe68ef41db1c3209d5ff55e2e52c2ed34ee48b589b28274acb3defb92d2cf82f463546e98b682f4022eb5981f4a570b52f540a7417a86f6051cb7feb2b605e93b6287413abfbabd5ca781db69dc916a136505e940a7bcb442e96741fa312a374c5b417a01975acc0fa5ab05a97aa0d3203d43fbdb8f5bffad9b3bd277c40e83747e757bb94e03b7d3b823d526ca0ad2814e796985d2cf82f463546e98b682f4022eb5981f4a570b52f540a7417a121671005e508ba704e93b6287413ab9ba8d5c6afbb7d3b823d51efa0ad22106bfae5a696641fa492af74c61417a01975acc0fa5ab05a97aa0d3209dd371eb2fe52c48df113b0cd2c9d56de452dbbf9dc61da9f6d057900ef1cceb062fe957b762ee483f49e59e292c482fe0528bf9a174b520550f741aa4733a6efda59c05e99b6293413ab3ba5d5c67efb773b823d513a82c488ff7e4bb462ee92fb762ee483f49e59e292c482fe0528bf9a174b5205527d41aa4133a68f1a5963506de149b0cd299d5ede23a7bbf9dc31da99e4065417abc27df3572497fb9157347fa492af74c61417a01975acc0fa5ab05a93aa1d6209dd0418b2fb52c48df17fb0cd269d56de1521bbf9dc31da99e40652b0c1ce6a5b70c58cfb6b2da35063e49e59e292c482fe0528bf9a174b5205527d41aa4133a68f1a59605e9fb629f413aadba2d3cf9ab31fd7c1dc30aa99e436b417a98975e31603ddb6e95dc917e98ca6dd359905ec0a516f343e96a41aa4ea835482774d0e24b2d0bd2f7c53e57189850dde2cbaf6e5bdf51e61f8a37ad30a0e7d05a901ee3d5e71fbd9e5db74aee483f4ce5b6e92c482f6059cca55655dcaaba235527d41aa4133a68f1a59605e95b63ab413aa1ddc5970dfe8a1967633541aaa751dc0a03bdf1f42a3c622cdebdc2c087a9dc369d05e905b0a04b1e272b0b52f543b3413a9b23565e0a5963e0adb1d51506a6f263d965233f30b6f26b7896b2c83506f40aba0bd20b387731a58d05e9e7a9dc39b505a936515690aa1f9a0dd2d91cb1f252c882f403b0e1209dc48f35fff8d76dcfcf1ca0ac7c41aa17515f905ec0b98b296d2c483f4fe5cea92d48b589b28254fdd06c90cee68895974216a41f800daf303083f56a5f5af9a5b6f955fa770ce8753418a4673b7125a58735063e4fe5cea92d48b589b28254fdd0ec0a0353e9beec52c51a031f800daf303083f56a5f5af9a5b6f955fa770ce87534b8c2c0a9ce5a4669608d818f54b9799a0b526da2ac205557941ba453e9beec52c582f463b0ed15062e8fe5de103de7d5f9c7298b5f63405528718581539db58cd2c01a031fa972f33417a4da445941aaae283748a7d27dd9a58a05e92761e741fabeaeb3c752f81a03aa458f2b0c9ce7943594bdaf31f0a92af74f7941aa4d9415a4ea8a7257189847df359712d618f824ec7c85813775910d96aad718501bda0cd2f39cb286b2f735063e55e5fe292f48b589b28254bdd16f90cea3ef9a4b090bd2cfc3fe5718784757d85d29798d0135a3d015064e327e0165d76b0c7cb0ca0ae82f48b589b28254bdd1ef0a0393e8b8e0b2fd35063e0ffb5f61e01d5d6177a5e43506d4039dae307086c16f2ffb5d63e0b355b6408541aa4d9415a43a001507e9243a2eb86c7f41faa968618581b773fad64abd6b0ca8136afd8eb1e146bebaecf407c63e5b650b5418a4da445941aa0350f10a0333e8b5dab2f135063e1845ac30f05ecedd5729768d017545b9df3136d6b0f7963dfec0d8c7ab2c821683549b282b48750c5a5e61e0f2ba2cb56c798d818f471d2b0cbc911337552afd8131f546bfdf3136d0b097960dae31a07fe5f0cf175164906a136505a98e41cb2b0c5c5e97a5962daf31f0f1a8e33bc6dec5593b2a65fec0988e41cb2b0c0c34e6a565773f30a67ffdf0cf175164906a136505a90e43d12b0c5c5bfb3acb66d718d00da53c60787ea7eca574f803633a0c457fc7d82803de58f6f50363baa9ac832e83549b282b487524ba5e61e0c21a1759b6b9c68056a8e601c3931bbc9152dd23867530eafe8eb1218e7e5dd9d10f8c292a1ba1ce20d526ca0a521d89aebf63ecaa7e5de193cbbeedef27c6f41ded3c6078662377514a7bc4b086a0f4070c1fecd017958dfcc098562a4ba1d120d526ca0a521d8cbabf63ec9258e2778ced61f60a03fa0d1d3d60785ac3b650ea7ac4b006a2fa070c1fe9a0b794f53f6258df55f642a941aa4d9415a43a1e8daf30f05ed8db0a03fa1b4dfd8619131ab3f8d2d22386351c07f080e1c31cf18ab2f2470ceb416535f41aa4da445941aa21287d858177c1ae5618d013a8ec01c3b3d95e79fbbe6eddfc82619d8793f80d330ed0f7e165b5bf62867e53d90ed506a9365156906a084aff8eb1f9b19fef18d37368ed37cc98c7c69a1bb773ebe377ccd00570240f18eeade393cb3a7fc50cfda1b220da0d526da2ac20d528f4fe1d63336327df31a657d0dd6f983189bf16dcb8915b13bf63862e8383f90d33fae9f2ccb2b65f31439b2a6ba2e320d526ca0a520d44f5df313627f6f01d63aa4289bf61c6e5fd586a59fc3ffcfbebf8fd1f98a48be178fec0a41e1a9f56d6f31726694f6553d41ca4da445941aab168ff01c3f360dd0f185603aafc0393ae8db5de1055e1117f60922e8ca3fa03934ec222fec0243da7b22fca0e526da2ac20d5701cc0038667c08a1f30ac1ee8f40f4c7a5fecf30f4cd20c38b3bf316f205efc37e6e9699595d177906a136505a9cec0193c60f8da58eb0386d50fcd6e62eabb60579b98aaa970789b987a185eb387d97a45656b541ea4da445941aa93700c0f18be2a56f980611d808a37317566ec641353352d0e720fb33be1a17b98ad2a95f5d17d906a136505a94ec5613c60f84a58d903867530eadec3ec79b0ee3dccd65be0505fc12f9fc00f5ec12fd5a0b2444e2048b589b2825467e33c7ec38cb3b19adf3043a3d0fb13f8c155b1ca27f003bd1d0ef8542c45cd2aabe41c82549b282b4875011cc91f98740656f0072669380ee069fcec6cace669fc4c6f8dc31e8ed7ab93ca42398d20d526ca0a525d0607f307268dc25bffc63c9d8ac378113f3e1eef7b113fd687e1f80fc6cbd45b65b31c4b906a136505a9ae84b3d9c4d463f08e4d4cd5657030cd785c151ed18667e9e3f107d1090fd5912a5be68882549b282b48753d9cd01e66f7c013f7305b57c539cd86d54b7fe36fe509fc406355f6cea105a936515690eaaa38a757f0cb3dcc7e05bfd43c38b90b63a192e657f93df31f8320d526ca0a525d1ba7751ed6a199719667633592de8e97b971282b483503ce6c2cdeadb7c3011f8ff7497a775ee6c6a1ac20d55438bc23f1267d1efe025ec7ef257d2a2f73e35056906a5a1c640f3c5192a4d779991b87b282546f84a37d023f9024a99997b971282b482549921a78991b87b282549224a98197b971282b482549921a78991b87b282549224a98197b971282b482549921a78991b87b282549224a98197b971282b482549921a78991b87b282549224a98197b971282b482549921a78991b87b282549224a98197b971282b482549921a78991b87b282549224a98197b971282b482549921a78991b87b282549224a98197b971282b482549921a78991b87b282549224a98197b971282b482549921a78991b87b282549224a98197b971282b482549921a78991b87b282549224a98197b971282b482549921a78991b87b282549224a98197b971282b482549921a78991b87b282549224a98197b971282b482549921a78991b87b282549224a98197b971282b482549921a78991b87b282549224a98197b971282b482549921a78991b87b282549224a98197b971282b482549921a78991b87b282549224a98197b971282b482549921a78991b87b282549224a98197b971282b482549921a78991b87b282549224a98197b971282b482549921a78991b87b282549224a98197b971282b482549921a78991b87b282549224a98197b971282b482549921a78991b87b282549224a98197b971282b482549921a78991b87b282549224a98197b971282b482549921a78991b87b282549224a98197b971282b482549921a78991b87b282549224a98197b971282b482549921a78991b87b282549224a98197b971282b482549921a78991b87b282549224a98197b971282b482549921a78991b87b282549224a98197b971282b482549921a78991b87b282549224a98197b971282b482549921a78991b87b282549224a98197b971282b482549921a78991b87b282549224a98197b971282b482549921a78991b87b282549224a98197b971282b482549921a78991b87b282549224a98197b971282b482549921a78991b87b282549224a98197b971282b482549921a78991b87b282549224a98197b971282b482549921a78991b87b282549224a98197b971282b482549921a78991b87b282549224a98197b971282b482549921a78991b87b282549224a98197b971282b482549921a78991b87b282549224a98197b971282b482549921a78991b87b282549224a98197b971282b482549921a78991b87b282549224a98197b971282b482549921a78991b87b282549224a98197b971282b482549921a78991b87b282549224a98197b971282b482549921a78991b87b282549224a98197b971282b482549921a78991b87b282549224a98197b971282b482549921a78991b87b282549224a98197b971282b482549921a78991b87b282549224a98197b971282b482549921a78991b87b282549224a98197b971282b482549921a78991b87b282549224a98197b971282b482549921a78991b87b282549224a98197b971282b482549921a78991b87b282549224a98197b971282b482549921a78991b87b282549224a98197b971282b482549921af4b9cca902554a922435f032771aaa9424496ae065ee3454294992d4c0cbdc69a8529224a98197b9d350a524495203af1492244913f33227499234312f7392244913f33227499234312f7392244913f33227499234312f7392244913f33227499234312f7392244913f33227499234312f7392244913f33227499234312f7392244913f33227499234312f7392244913f33227499234312f7392244913f33227499234312f7392244913f33227499234312f7392244913f33227499234312f7392244913f33227499234312f7392244913f33227499234312f7392244913f33227499234312f7392244913f33227499234312f7392244913f33227499234312f7392244913f33227499234312f7392244913f33227499234312f7392244913f33227499234312f7392244913f33227499234312f7392244913f33227499234312f7392244913f33227499234312f7392244913f33227499234312f7392244913f33227499234312f73922449d3faefbfff03907578ff996527ea0000000049454e44ae426082, 6, 'Danilo Lalic'),
(26, 'Brener', 'The perfect balance between modern and traditional catering is intended for the admirers of large portions of delicious specialties.An impressive garden with a view of the Danube relaxes from everyday activities.', 'restaurant', NULL, 7, 'labovic23');

-- --------------------------------------------------------

--
-- Table structure for table `user`
--

DROP TABLE IF EXISTS `user`;
CREATE TABLE IF NOT EXISTS `user` (
  `UserName` varchar(25) CHARACTER SET utf8mb4 COLLATE utf8mb4_0900_bin NOT NULL,
  `Email` varchar(50) NOT NULL,
  `Password` varchar(100) NOT NULL,
  `Type` tinyint(1) NOT NULL DEFAULT '0',
  PRIMARY KEY (`UserName`),
  UNIQUE KEY `Email` (`Email`)
) ENGINE=InnoDB DEFAULT CHARSET=utf8mb4 COLLATE=utf8mb4_0900_ai_ci;

--
-- Dumping data for table `user`
--

INSERT INTO `user` (`UserName`, `Email`, `Password`, `Type`) VALUES
('Danilo Lalic', 'dlalic@gmail.com', '$2y$10$46X3ddHHJcKL5hBPBbjr6uhXm19gQrYkWvz.NmQ8bANR3j1KkZhha', 1),
('Jovan', 'jovica@gmail.com', '$2y$10$JrugHVWlr6jVqF/EFGmTiOgo6rGsUG/AbU8lsMmgphMc9uW9lJ/SW', 0),
('chodacar', 'danilochoda@gmail.com', '$2y$10$1Rc7JpPQkG5aaERjVV26ROfyQCEovRuUmEwpYBcyKaoNfsAYXnwvq', 0),
('labovic23', 'bozolabovic7@gmail.com', '$2y$10$qWWGkdPJo1g6iUBOazD3ouXUU1eOKoyWIOtWSTY.hTT2upXDgzQDy', 1);

--
-- Constraints for dumped tables
--

--
-- Constraints for table `point`
--
ALTER TABLE `point`
  ADD CONSTRAINT `point_ibfk_1` FOREIGN KEY (`SerId`) REFERENCES `service` (`SerId`) ON DELETE CASCADE ON UPDATE CASCADE;

--
-- Constraints for table `reservation`
--
ALTER TABLE `reservation`
  ADD CONSTRAINT `reservation_ibfk_1` FOREIGN KEY (`PointId`) REFERENCES `point` (`PointId`) ON DELETE CASCADE ON UPDATE CASCADE,
  ADD CONSTRAINT `reservation_ibfk_2` FOREIGN KEY (`UserName`) REFERENCES `user` (`UserName`) ON DELETE CASCADE ON UPDATE CASCADE;

--
-- Constraints for table `service`
--
ALTER TABLE `service`
  ADD CONSTRAINT `service_ibfk_1` FOREIGN KEY (`UserName`) REFERENCES `user` (`UserName`) ON DELETE CASCADE ON UPDATE CASCADE;
COMMIT;

/*!40101 SET CHARACTER_SET_CLIENT=@OLD_CHARACTER_SET_CLIENT */;
/*!40101 SET CHARACTER_SET_RESULTS=@OLD_CHARACTER_SET_RESULTS */;
/*!40101 SET COLLATION_CONNECTION=@OLD_COLLATION_CONNECTION */;
